Date/Time	Event	Latitude	Longitude	Elevation [m]	Diff
2011-10-15	PG05	-62.22706899999999	-58.5988	247.9	1.2
2012-01-16	PG05	-62.22706899999999	-58.5988	247.9	0.06
2012-07-23	PG05	-62.22706899999999	-58.5988	247.9	-0.01
2012-07-27	PG05	-62.22706899999999	-58.5988	247.9	0.04
2012-08-15	PG05	-62.22706899999999	-58.5988	247.9	0.1
2012-09-12	PG05	-62.22706899999999	-58.5988	247.9	0.1
2012-09-27	PG05	-62.22706899999999	-58.5988	247.9	0.0
2012-10-09	PG05	-62.22706899999999	-58.5988	247.9	0.28
2012-10-18	PG05	-62.22706899999999	-58.5988	247.9	0.02
2012-10-27	PG05	-62.22706899999999	-58.5988	247.9	0.13
2012-11-03	PG05	-62.22706899999999	-58.5988	247.9	0.04
2012-11-10	PG05	-62.22706899999999	-58.5988	247.9	-0.02
2012-11-24	PG05	-62.22706899999999	-58.5988	247.9	-0.11
2012-12-05	PG05	-62.22706899999999	-58.5988	247.9	0.03
2012-12-14	PG05	-62.22706899999999	-58.5988	247.9	-0.05
2012-12-22	PG05	-62.22706899999999	-58.5988	247.9	0.01
2013-01-05	PG05	-62.22706899999999	-58.5988	247.9	0.07
2013-01-15	PG05	-62.22706899999999	-58.5988	247.9	0.0
2013-02-01	PG05	-62.22706899999999	-58.5988	247.9	-0.24
2013-02-11	PG05	-62.22706899999999	-58.5988	247.9	-0.17
2013-02-19	PG05	-62.22706899999999	-58.5988	247.9	-0.1
2013-02-27	PG05	-62.22706899999999	-58.5988	247.9	-0.06
2013-03-06	PG05	-62.22706899999999	-58.5988	247.9	-0.16
2013-04-01	PG05	-62.22706899999999	-58.5988	247.9	-0.33
2013-04-11	PG05	-62.22706899999999	-58.5988	247.9	-0.09
2013-05-04	PG05	-62.22706899999999	-58.5988	247.9	0.22
2013-05-24	PG05	-62.22706899999999	-58.5988	247.9	-0.01
2013-06-25	PG05	-62.22706899999999	-58.5988	247.9	0.42
2013-07-24	PG05	-62.22706899999999	-58.5988	247.9	0.14
2013-08-01	PG05	-62.22706899999999	-58.5988	247.9	0.07
2013-08-24	PG05	-62.22706899999999	-58.5988	247.9	0.05
2013-09-12	PG05	-62.22706899999999	-58.5988	247.9	0.06
2013-09-27	PG05	-62.22706899999999	-58.5988	247.9	0.04
2013-10-10	PG05	-62.22706899999999	-58.5988	247.9	0.05
2013-10-20	PG05	-62.22706899999999	-58.5988	247.9	-0.06
2013-10-27	PG05	-62.22706899999999	-58.5988	247.9	0.14
2013-11-06	PG05	-62.22706899999999	-58.5988	247.9	-0.13
2013-11-26	PG05	-62.22706899999999	-58.5988	247.9	-0.08
2013-12-16	PG05	-62.22706899999999	-58.5988	247.9	0.11
2014-01-03	PG05	-62.22706899999999	-58.5988	247.9	0.0
2014-01-21	PG05	-62.22706899999999	-58.5988	247.9	-0.27
2014-01-31	PG05	-62.22706899999999	-58.5988	247.9	0.0
2014-02-10	PG05	-62.22706899999999	-58.5988	247.9	0.44
2014-02-18	PG05	-62.22706899999999	-58.5988	247.9	-0.32
2014-02-28	PG05	-62.22706899999999	-58.5988	247.9	-0.05
2014-03-10	PG05	-62.22706899999999	-58.5988	247.9	-0.15
2014-03-23	PG05	-62.22706899999999	-58.5988	247.9	0.22
2014-04-09	PG05	-62.22706899999999	-58.5988	247.9	0.06
2014-04-30	PG05	-62.22706899999999	-58.5988	247.9	-0.07
2014-05-09	PG05	-62.22706899999999	-58.5988	247.9	0.08
2014-05-22	PG05	-62.22706899999999	-58.5988	247.9	0.17
2014-06-05	PG05	-62.22706899999999	-58.5988	247.9	0.18
2014-06-19	PG05	-62.22706899999999	-58.5988	247.9	0.21
2014-07-31	PG05	-62.22706899999999	-58.5988	247.9	0.38
2014-08-30	PG05	-62.22706899999999	-58.5988	247.9	0.01
2014-09-10	PG05	-62.22706899999999	-58.5988	247.9	0.04
2014-09-29	PG05	-62.22706899999999	-58.5988	247.9	-0.01
2014-10-31	PG05	-62.22706899999999	-58.5988	247.9	0.02
2014-11-15	PG05	-62.22706899999999	-58.5988	247.9	0.17
2014-11-30	PG05	-62.22706899999999	-58.5988	247.9	0.02
2014-12-12	PG05	-62.22706899999999	-58.5988	247.9	0.11
2014-12-30	PG05	-62.22706899999999	-58.5988	247.9	0.03
2015-01-14	PG05	-62.22706899999999	-58.5988	247.9	0.02
2015-01-26	PG05	-62.22706899999999	-58.5988	247.9	-0.07
2015-02-06	PG05	-62.22706899999999	-58.5988	247.9	-0.47
2015-02-24	PG05	-62.22706899999999	-58.5988	247.9	-0.22
2015-03-14	PG05	-62.22706899999999	-58.5988	247.9	0.0
2015-03-29	PG05	-62.22706899999999	-58.5988	247.9	-0.17
2015-04-13	PG05	-62.22706899999999	-58.5988	247.9	-0.06
2015-05-02	PG05	-62.22706899999999	-58.5988	247.9	-0.01
2015-05-19	PG05	-62.22706899999999	-58.5988	247.9	-0.1
2015-06-17	PG05	-62.22706899999999	-58.5988	247.9	0.48
2015-07-13	PG05	-62.22706899999999	-58.5988	247.9	0.19
2015-07-29	PG05	-62.22706899999999	-58.5988	247.9	0.15
2015-08-21	PG05	-62.22706899999999	-58.5988	247.9	0.04
2015-09-14	PG05	-62.22706899999999	-58.5988	247.9	0.06
2015-10-08	PG05	-62.22706899999999	-58.5988	247.9	0.0
2015-10-27	PG05	-62.22706899999999	-58.5988	247.9	0.02
2015-11-19	PG05	-62.22706899999999	-58.5988	247.9	0.25
2015-12-26	PG05	-62.22706899999999	-58.5988	247.9	0.0
2016-01-04	PG05	-62.22706899999999	-58.5988	247.9	-0.35
2016-02-17	PG05	-62.22706899999999	-58.5988	247.9	-0.35
2016-02-25	PG05	-62.22706899999999	-58.5988	247.9	-0.02
2016-03-10	PG05	-62.22706899999999	-58.5988	247.9	-0.32
2016-04-08	PG05	-62.22706899999999	-58.5988	247.9	-0.26
2016-04-23	PG05	-62.22706899999999	-58.5988	247.9	0.08
2011-10-15	PG06	-62.229879000000004	-58.606324	223.7	0.91
2012-01-24	PG06	-62.229879000000004	-58.606324	223.7	-1.15
2012-01-27	PG06	-62.229879000000004	-58.606324	223.7	0.04
2012-02-08	PG06	-62.229879000000004	-58.606324	223.7	-0.59
2012-02-20	PG06	-62.229879000000004	-58.606324	223.7	-0.05
2012-03-04	PG06	-62.229879000000004	-58.606324	223.7	-0.21
2012-03-13	PG06	-62.229879000000004	-58.606324	223.7	-0.09
2012-03-23	PG06	-62.229879000000004	-58.606324	223.7	-0.06
2012-04-13	PG06	-62.229879000000004	-58.606324	223.7	0.03
2012-04-21	PG06	-62.229879000000004	-58.606324	223.7	0.07
2012-05-03	PG06	-62.229879000000004	-58.606324	223.7	0.17
2012-05-11	PG06	-62.229879000000004	-58.606324	223.7	0.06
2012-05-21	PG06	-62.229879000000004	-58.606324	223.7	-0.02
2012-05-30	PG06	-62.229879000000004	-58.606324	223.7	0.1
2012-06-12	PG06	-62.229879000000004	-58.606324	223.7	0.01
2012-07-01	PG06	-62.229879000000004	-58.606324	223.7	0.47
2012-07-12	PG06	-62.229879000000004	-58.606324	223.7	0.02
2012-07-23	PG06	-62.229879000000004	-58.606324	223.7	0.01
2012-07-27	PG06	-62.229879000000004	-58.606324	223.7	0.21
2012-08-05	PG06	-62.229879000000004	-58.606324	223.7	-0.17
2012-08-15	PG06	-62.229879000000004	-58.606324	223.7	0.1
2012-08-28	PG06	-62.229879000000004	-58.606324	223.7	-0.01
2012-09-04	PG06	-62.229879000000004	-58.606324	223.7	0.01
2012-09-12	PG06	-62.229879000000004	-58.606324	223.7	0.21
2012-09-27	PG06	-62.229879000000004	-58.606324	223.7	-0.01
2012-10-09	PG06	-62.229879000000004	-58.606324	223.7	0.22
2012-10-18	PG06	-62.229879000000004	-58.606324	223.7	-0.03
2012-10-27	PG06	-62.229879000000004	-58.606324	223.7	0.18
2012-11-03	PG06	-62.229879000000004	-58.606324	223.7	0.0
2012-11-10	PG06	-62.229879000000004	-58.606324	223.7	0.0
2012-11-24	PG06	-62.229879000000004	-58.606324	223.7	-0.11
2012-12-05	PG06	-62.229879000000004	-58.606324	223.7	0.04
2012-12-14	PG06	-62.229879000000004	-58.606324	223.7	-0.04
2012-12-22	PG06	-62.229879000000004	-58.606324	223.7	-0.02
2013-01-05	PG06	-62.229879000000004	-58.606324	223.7	-0.01
2013-01-15	PG06	-62.229879000000004	-58.606324	223.7	0.06
2013-01-23	PG06	-62.229879000000004	-58.606324	223.7	-0.33
2013-02-01	PG06	-62.229879000000004	-58.606324	223.7	0.13
2013-02-11	PG06	-62.229879000000004	-58.606324	223.7	-0.29
2013-02-19	PG06	-62.229879000000004	-58.606324	223.7	0.01
2013-02-27	PG06	-62.229879000000004	-58.606324	223.7	-0.07
2013-03-06	PG06	-62.229879000000004	-58.606324	223.7	-0.23
2013-04-01	PG06	-62.229879000000004	-58.606324	223.7	-0.46
2013-04-11	PG06	-62.229879000000004	-58.606324	223.7	-0.05
2013-05-04	PG06	-62.229879000000004	-58.606324	223.7	-0.05
2013-05-24	PG06	-62.229879000000004	-58.606324	223.7	0.09
2013-06-25	PG06	-62.229879000000004	-58.606324	223.7	0.53
2013-07-24	PG06	-62.229879000000004	-58.606324	223.7	0.2
2013-08-01	PG06	-62.229879000000004	-58.606324	223.7	0.08
2013-08-24	PG06	-62.229879000000004	-58.606324	223.7	-0.01
2013-09-12	PG06	-62.229879000000004	-58.606324	223.7	0.02
2013-09-27	PG06	-62.229879000000004	-58.606324	223.7	0.06
2013-10-10	PG06	-62.229879000000004	-58.606324	223.7	-0.03
2013-10-20	PG06	-62.229879000000004	-58.606324	223.7	-0.02
2013-11-06	PG06	-62.229879000000004	-58.606324	223.7	-0.05
2013-11-26	PG06	-62.229879000000004	-58.606324	223.7	-0.09
2013-12-16	PG06	-62.229879000000004	-58.606324	223.7	0.14
2014-01-03	PG06	-62.229879000000004	-58.606324	223.7	0.03
2014-01-21	PG06	-62.229879000000004	-58.606324	223.7	-0.28
2014-01-31	PG06	-62.229879000000004	-58.606324	223.7	0.04
2014-02-10	PG06	-62.229879000000004	-58.606324	223.7	0.24
2014-02-18	PG06	-62.229879000000004	-58.606324	223.7	-0.28
2014-02-28	PG06	-62.229879000000004	-58.606324	223.7	-0.08
2014-03-10	PG06	-62.229879000000004	-58.606324	223.7	-0.15
2014-03-23	PG06	-62.229879000000004	-58.606324	223.7	0.34
2014-04-09	PG06	-62.229879000000004	-58.606324	223.7	-0.12
2014-04-30	PG06	-62.229879000000004	-58.606324	223.7	-0.01
2014-05-09	PG06	-62.229879000000004	-58.606324	223.7	0.11
2014-05-22	PG06	-62.229879000000004	-58.606324	223.7	0.18
2014-06-05	PG06	-62.229879000000004	-58.606324	223.7	0.35
2014-06-19	PG06	-62.229879000000004	-58.606324	223.7	0.07
2014-07-11	PG06	-62.229879000000004	-58.606324	223.7	0.3
2014-07-31	PG06	-62.229879000000004	-58.606324	223.7	-0.01
2014-08-30	PG06	-62.229879000000004	-58.606324	223.7	0.11
2014-09-10	PG06	-62.229879000000004	-58.606324	223.7	0.02
2014-09-29	PG06	-62.229879000000004	-58.606324	223.7	0.16
2014-10-31	PG06	-62.229879000000004	-58.606324	223.7	0.06
2014-11-15	PG06	-62.229879000000004	-58.606324	223.7	0.14
2014-11-30	PG06	-62.229879000000004	-58.606324	223.7	0.07
2014-12-12	PG06	-62.229879000000004	-58.606324	223.7	0.05
2014-12-30	PG06	-62.229879000000004	-58.606324	223.7	-0.04
2015-01-14	PG06	-62.229879000000004	-58.606324	223.7	-0.09
2015-01-26	PG06	-62.229879000000004	-58.606324	223.7	-0.16
2015-02-06	PG06	-62.229879000000004	-58.606324	223.7	-0.69
2015-03-14	PG06	-62.229879000000004	-58.606324	223.7	-0.2
2015-03-29	PG06	-62.229879000000004	-58.606324	223.7	-0.26
2015-04-13	PG06	-62.229879000000004	-58.606324	223.7	-0.08
2015-05-02	PG06	-62.229879000000004	-58.606324	223.7	0.1
2015-05-19	PG06	-62.229879000000004	-58.606324	223.7	-0.12
2015-06-17	PG06	-62.229879000000004	-58.606324	223.7	0.36
2015-07-13	PG06	-62.229879000000004	-58.606324	223.7	0.06
2015-07-29	PG06	-62.229879000000004	-58.606324	223.7	0.24
2015-08-21	PG06	-62.229879000000004	-58.606324	223.7	0.05
2015-09-14	PG06	-62.229879000000004	-58.606324	223.7	0.14
2015-10-08	PG06	-62.229879000000004	-58.606324	223.7	-0.1
2015-10-27	PG06	-62.229879000000004	-58.606324	223.7	0.08
2015-11-19	PG06	-62.229879000000004	-58.606324	223.7	0.5
2015-12-26	PG06	-62.229879000000004	-58.606324	223.7	-0.23
2016-01-04	PG06	-62.229879000000004	-58.606324	223.7	-0.35
2016-02-17	PG06	-62.229879000000004	-58.606324	223.7	-0.43
2016-02-25	PG06	-62.229879000000004	-58.606324	223.7	0.07
2016-03-10	PG06	-62.229879000000004	-58.606324	223.7	-0.31
2016-04-08	PG06	-62.229879000000004	-58.606324	223.7	-0.19
2016-04-23	PG06	-62.229879000000004	-58.606324	223.7	0.12
2011-10-15	PG07	-62.235228	-58.616384	188.6	0.47
2012-01-24	PG07	-62.235228	-58.616384	188.6	-1.26
2012-01-27	PG07	-62.235228	-58.616384	188.6	-0.11
2012-02-08	PG07	-62.235228	-58.616384	188.6	-0.29
2012-02-20	PG07	-62.235228	-58.616384	188.6	-0.1
2012-03-04	PG07	-62.235228	-58.616384	188.6	-0.28
2012-03-13	PG07	-62.235228	-58.616384	188.6	-0.15
2012-03-23	PG07	-62.235228	-58.616384	188.6	-0.06
2012-04-13	PG07	-62.235228	-58.616384	188.6	-0.15
2012-04-21	PG07	-62.235228	-58.616384	188.6	0.01
2012-05-03	PG07	-62.235228	-58.616384	188.6	0.13
2012-05-11	PG07	-62.235228	-58.616384	188.6	0.02
2012-05-21	PG07	-62.235228	-58.616384	188.6	-0.01
2012-05-30	PG07	-62.235228	-58.616384	188.6	-0.01
2012-06-12	PG07	-62.235228	-58.616384	188.6	0.19
2012-07-01	PG07	-62.235228	-58.616384	188.6	0.23
2012-07-12	PG07	-62.235228	-58.616384	188.6	0.1
2012-07-23	PG07	-62.235228	-58.616384	188.6	0.03
2012-07-27	PG07	-62.235228	-58.616384	188.6	0.06
2012-08-05	PG07	-62.235228	-58.616384	188.6	-0.05
2012-08-15	PG07	-62.235228	-58.616384	188.6	0.19
2012-08-28	PG07	-62.235228	-58.616384	188.6	-0.2
2012-09-04	PG07	-62.235228	-58.616384	188.6	0.0
2012-09-12	PG07	-62.235228	-58.616384	188.6	0.02
2012-09-27	PG07	-62.235228	-58.616384	188.6	0.2
2012-10-09	PG07	-62.235228	-58.616384	188.6	0.15
2012-10-18	PG07	-62.235228	-58.616384	188.6	0.0
2012-10-27	PG07	-62.235228	-58.616384	188.6	0.17
2012-11-03	PG07	-62.235228	-58.616384	188.6	0.01
2012-11-10	PG07	-62.235228	-58.616384	188.6	-0.01
2012-11-24	PG07	-62.235228	-58.616384	188.6	-0.09
2012-12-05	PG07	-62.235228	-58.616384	188.6	0.0
2012-12-14	PG07	-62.235228	-58.616384	188.6	0.0
2012-12-22	PG07	-62.235228	-58.616384	188.6	-0.02
2013-01-05	PG07	-62.235228	-58.616384	188.6	-0.02
2013-01-15	PG07	-62.235228	-58.616384	188.6	0.02
2013-01-23	PG07	-62.235228	-58.616384	188.6	-0.28
2013-02-01	PG07	-62.235228	-58.616384	188.6	-0.08
2013-02-11	PG07	-62.235228	-58.616384	188.6	-0.21
2013-02-19	PG07	-62.235228	-58.616384	188.6	-0.08
2013-02-27	PG07	-62.235228	-58.616384	188.6	-0.13
2013-03-06	PG07	-62.235228	-58.616384	188.6	-0.07
2013-04-01	PG07	-62.235228	-58.616384	188.6	-0.49
2013-04-11	PG07	-62.235228	-58.616384	188.6	-0.32
2013-05-04	PG07	-62.235228	-58.616384	188.6	0.25
2013-05-24	PG07	-62.235228	-58.616384	188.6	0.04
2013-06-25	PG07	-62.235228	-58.616384	188.6	0.52
2013-07-24	PG07	-62.235228	-58.616384	188.6	0.27
2013-08-01	PG07	-62.235228	-58.616384	188.6	0.1
2013-08-24	PG07	-62.235228	-58.616384	188.6	-0.01
2013-09-12	PG07	-62.235228	-58.616384	188.6	0.04
2013-09-27	PG07	-62.235228	-58.616384	188.6	0.03
2013-10-10	PG07	-62.235228	-58.616384	188.6	-0.04
2013-10-20	PG07	-62.235228	-58.616384	188.6	-0.13
2013-11-06	PG07	-62.235228	-58.616384	188.6	0.03
2013-11-26	PG07	-62.235228	-58.616384	188.6	-0.07
2013-12-16	PG07	-62.235228	-58.616384	188.6	0.05
2014-01-03	PG07	-62.235228	-58.616384	188.6	0.06
2014-01-21	PG07	-62.235228	-58.616384	188.6	-0.33
2014-01-31	PG07	-62.235228	-58.616384	188.6	0.08
2014-02-10	PG07	-62.235228	-58.616384	188.6	0.1
2014-02-18	PG07	-62.235228	-58.616384	188.6	-0.26
2014-02-28	PG07	-62.235228	-58.616384	188.6	-0.07
2014-03-10	PG07	-62.235228	-58.616384	188.6	-0.16
2014-03-23	PG07	-62.235228	-58.616384	188.6	0.41
2014-04-09	PG07	-62.235228	-58.616384	188.6	-0.25
2014-04-30	PG07	-62.235228	-58.616384	188.6	-0.08
2014-05-09	PG07	-62.235228	-58.616384	188.6	0.04
2014-05-22	PG07	-62.235228	-58.616384	188.6	0.19
2014-06-05	PG07	-62.235228	-58.616384	188.6	0.55
2014-06-19	PG07	-62.235228	-58.616384	188.6	-0.01
2014-07-11	PG07	-62.235228	-58.616384	188.6	0.1
2014-07-31	PG07	-62.235228	-58.616384	188.6	-0.09
2014-08-30	PG07	-62.235228	-58.616384	188.6	0.21
2014-09-10	PG07	-62.235228	-58.616384	188.6	0.01
2014-09-29	PG07	-62.235228	-58.616384	188.6	0.05
2014-10-31	PG07	-62.235228	-58.616384	188.6	-0.03
2014-11-15	PG07	-62.235228	-58.616384	188.6	0.0
2014-11-30	PG07	-62.235228	-58.616384	188.6	0.15
2014-12-12	PG07	-62.235228	-58.616384	188.6	0.02
2014-12-30	PG07	-62.235228	-58.616384	188.6	-0.04
2015-01-14	PG07	-62.235228	-58.616384	188.6	-0.09
2015-01-26	PG07	-62.235228	-58.616384	188.6	-0.19
2015-02-06	PG07	-62.235228	-58.616384	188.6	-0.72
2015-02-24	PG07	-62.235228	-58.616384	188.6	-0.15
2015-03-14	PG07	-62.235228	-58.616384	188.6	-0.05
2015-03-29	PG07	-62.235228	-58.616384	188.6	-0.07
2015-04-13	PG07	-62.235228	-58.616384	188.6	-0.05
2015-05-02	PG07	-62.235228	-58.616384	188.6	0.03
2015-05-19	PG07	-62.235228	-58.616384	188.6	-0.11
2015-06-17	PG07	-62.235228	-58.616384	188.6	0.3
2015-07-13	PG07	-62.235228	-58.616384	188.6	0.1
2015-07-29	PG07	-62.235228	-58.616384	188.6	0.08
2015-08-21	PG07	-62.235228	-58.616384	188.6	0.07
2015-09-14	PG07	-62.235228	-58.616384	188.6	0.06
2015-10-08	PG07	-62.235228	-58.616384	188.6	-0.07
2015-10-27	PG07	-62.235228	-58.616384	188.6	0.07
2015-11-19	PG07	-62.235228	-58.616384	188.6	0.46
2015-12-01	PG07	-62.235228	-58.616384	188.6	-0.11
2015-12-26	PG07	-62.235228	-58.616384	188.6	-0.22
2016-01-04	PG07	-62.235228	-58.616384	188.6	-0.38
2016-02-17	PG07	-62.235228	-58.616384	188.6	-0.13
2016-02-25	PG07	-62.235228	-58.616384	188.6	-0.1
2016-03-10	PG07	-62.235228	-58.616384	188.6	-0.26
2016-04-08	PG07	-62.235228	-58.616384	188.6	-0.37
2016-04-23	PG07	-62.235228	-58.616384	188.6	0.19
2011-10-15	PG08	-62.235664	-58.62324	159.1	1.06
2012-01-16	PG08	-62.235664	-58.62324	159.1	-1.99
2012-01-23	PG08	-62.235664	-58.62324	159.1	-0.2
2012-01-27	PG08	-62.235664	-58.62324	159.1	-0.64
2012-02-08	PG08	-62.235664	-58.62324	159.1	-0.4
2012-02-20	PG08	-62.235664	-58.62324	159.1	-0.01
2012-03-04	PG08	-62.235664	-58.62324	159.1	-0.46
2012-03-13	PG08	-62.235664	-58.62324	159.1	-0.22
2012-03-23	PG08	-62.235664	-58.62324	159.1	-0.11
2012-04-13	PG08	-62.235664	-58.62324	159.1	0.09
2012-04-21	PG08	-62.235664	-58.62324	159.1	0.46
2012-05-03	PG08	-62.235664	-58.62324	159.1	0.06
2012-05-11	PG08	-62.235664	-58.62324	159.1	0.02
2012-05-21	PG08	-62.235664	-58.62324	159.1	0.05
2012-05-30	PG08	-62.235664	-58.62324	159.1	-0.12
2012-06-12	PG08	-62.235664	-58.62324	159.1	0.13
2012-07-01	PG08	-62.235664	-58.62324	159.1	0.4
2012-07-12	PG08	-62.235664	-58.62324	159.1	0.11
2012-07-23	PG08	-62.235664	-58.62324	159.1	-0.05
2012-07-27	PG08	-62.235664	-58.62324	159.1	0.3
2012-08-05	PG08	-62.235664	-58.62324	159.1	-0.12
2012-08-15	PG08	-62.235664	-58.62324	159.1	0.04
2012-08-28	PG08	-62.235664	-58.62324	159.1	-0.14
2012-09-04	PG08	-62.235664	-58.62324	159.1	-0.01
2012-09-12	PG08	-62.235664	-58.62324	159.1	0.28
2012-09-27	PG08	-62.235664	-58.62324	159.1	0.14
2012-10-09	PG08	-62.235664	-58.62324	159.1	0.2
2012-10-18	PG08	-62.235664	-58.62324	159.1	-0.07
2012-10-27	PG08	-62.235664	-58.62324	159.1	0.15
2012-11-03	PG08	-62.235664	-58.62324	159.1	-0.03
2012-11-10	PG08	-62.235664	-58.62324	159.1	0.02
2012-11-24	PG08	-62.235664	-58.62324	159.1	-0.08
2012-12-05	PG08	-62.235664	-58.62324	159.1	-0.01
2012-12-14	PG08	-62.235664	-58.62324	159.1	-0.02
2012-12-22	PG08	-62.235664	-58.62324	159.1	-0.04
2013-01-05	PG08	-62.235664	-58.62324	159.1	0.03
2013-01-15	PG08	-62.235664	-58.62324	159.1	-0.07
2013-01-23	PG08	-62.235664	-58.62324	159.1	-0.29
2013-02-01	PG08	-62.235664	-58.62324	159.1	0.03
2013-02-11	PG08	-62.235664	-58.62324	159.1	0.23
2013-02-19	PG08	-62.235664	-58.62324	159.1	-0.17
2013-02-27	PG08	-62.235664	-58.62324	159.1	-0.15
2013-03-06	PG08	-62.235664	-58.62324	159.1	-0.26
2013-04-11	PG08	-62.235664	-58.62324	159.1	-0.68
2013-05-04	PG08	-62.235664	-58.62324	159.1	-0.04
2013-05-24	PG08	-62.235664	-58.62324	159.1	0.17
2013-06-25	PG08	-62.235664	-58.62324	159.1	0.48
2013-07-24	PG08	-62.235664	-58.62324	159.1	0.37
2013-08-01	PG08	-62.235664	-58.62324	159.1	0.04
2013-08-24	PG08	-62.235664	-58.62324	159.1	0.6
2013-09-12	PG08	-62.235664	-58.62324	159.1	-0.1
2013-09-27	PG08	-62.235664	-58.62324	159.1	0.0
2013-10-10	PG08	-62.235664	-58.62324	159.1	-0.15
2013-10-20	PG08	-62.235664	-58.62324	159.1	-0.16
2013-11-06	PG08	-62.235664	-58.62324	159.1	-0.25
2013-11-26	PG08	-62.235664	-58.62324	159.1	-0.1
2013-12-16	PG08	-62.235664	-58.62324	159.1	0.11
2014-01-03	PG08	-62.235664	-58.62324	159.1	0.0
2014-01-21	PG08	-62.235664	-58.62324	159.1	-0.36
2014-01-31	PG08	-62.235664	-58.62324	159.1	0.09
2014-02-10	PG08	-62.235664	-58.62324	159.1	0.28
2014-02-18	PG08	-62.235664	-58.62324	159.1	-0.29
2014-02-28	PG08	-62.235664	-58.62324	159.1	-0.15
2014-03-10	PG08	-62.235664	-58.62324	159.1	-0.22
2014-03-23	PG08	-62.235664	-58.62324	159.1	0.36
2014-04-09	PG08	-62.235664	-58.62324	159.1	-0.09
2014-04-30	PG08	-62.235664	-58.62324	159.1	-0.07
2014-05-09	PG08	-62.235664	-58.62324	159.1	0.05
2014-05-22	PG08	-62.235664	-58.62324	159.1	0.22
2014-06-05	PG08	-62.235664	-58.62324	159.1	0.24
2014-06-19	PG08	-62.235664	-58.62324	159.1	0.15
2014-07-11	PG08	-62.235664	-58.62324	159.1	0.13
2014-07-31	PG08	-62.235664	-58.62324	159.1	0.03
2014-08-30	PG08	-62.235664	-58.62324	159.1	0.05
2014-09-10	PG08	-62.235664	-58.62324	159.1	0.04
2014-09-29	PG08	-62.235664	-58.62324	159.1	0.25
2014-10-31	PG08	-62.235664	-58.62324	159.1	-0.05
2014-11-15	PG08	-62.235664	-58.62324	159.1	0.09
2014-11-30	PG08	-62.235664	-58.62324	159.1	0.12
2014-12-12	PG08	-62.235664	-58.62324	159.1	0.01
2014-12-30	PG08	-62.235664	-58.62324	159.1	-0.09
2015-01-14	PG08	-62.235664	-58.62324	159.1	-0.12
2015-01-26	PG08	-62.235664	-58.62324	159.1	-0.33
2015-02-06	PG08	-62.235664	-58.62324	159.1	-0.62
2015-02-24	PG08	-62.235664	-58.62324	159.1	-0.42
2015-03-14	PG08	-62.235664	-58.62324	159.1	0.07
2015-03-29	PG08	-62.235664	-58.62324	159.1	-0.21
2015-04-13	PG08	-62.235664	-58.62324	159.1	-0.06
2015-05-02	PG08	-62.235664	-58.62324	159.1	-0.02
2015-05-19	PG08	-62.235664	-58.62324	159.1	-0.1
2015-06-17	PG08	-62.235664	-58.62324	159.1	0.52
2015-07-13	PG08	-62.235664	-58.62324	159.1	0.24
2015-07-29	PG08	-62.235664	-58.62324	159.1	-0.01
2015-08-21	PG08	-62.235664	-58.62324	159.1	0.0
2015-09-14	PG08	-62.235664	-58.62324	159.1	0.02
2015-10-08	PG08	-62.235664	-58.62324	159.1	-0.06
2015-10-27	PG08	-62.235664	-58.62324	159.1	0.33
2015-11-19	PG08	-62.235664	-58.62324	159.1	0.45
2015-12-01	PG08	-62.235664	-58.62324	159.1	-0.22
2015-12-26	PG08	-62.235664	-58.62324	159.1	-0.19
2016-01-04	PG08	-62.235664	-58.62324	159.1	-0.46
2016-02-17	PG08	-62.235664	-58.62324	159.1	-0.03
2016-02-25	PG08	-62.235664	-58.62324	159.1	-0.4
2016-03-10	PG08	-62.235664	-58.62324	159.1	-0.24
2016-04-08	PG08	-62.235664	-58.62324	159.1	-0.31
2016-04-23	PG08	-62.235664	-58.62324	159.1	0.26
2011-10-15	PG09	-62.235806000000004	-58.629598	121.0	1.11
2012-01-16	PG09	-62.235806000000004	-58.629598	121.0	-2.1
2012-01-23	PG09	-62.235806000000004	-58.629598	121.0	-0.2
2012-01-27	PG09	-62.235806000000004	-58.629598	121.0	-0.11
2012-02-08	PG09	-62.235806000000004	-58.629598	121.0	-0.41
2012-02-20	PG09	-62.235806000000004	-58.629598	121.0	-0.22
2012-03-04	PG09	-62.235806000000004	-58.629598	121.0	-0.32
2012-03-13	PG09	-62.235806000000004	-58.629598	121.0	-0.26
2012-03-23	PG09	-62.235806000000004	-58.629598	121.0	-0.07
2012-04-21	PG09	-62.235806000000004	-58.629598	121.0	0.64
2012-05-03	PG09	-62.235806000000004	-58.629598	121.0	0.05
2012-05-11	PG09	-62.235806000000004	-58.629598	121.0	0.03
2012-05-21	PG09	-62.235806000000004	-58.629598	121.0	-0.07
2012-05-30	PG09	-62.235806000000004	-58.629598	121.0	0.01
2012-06-12	PG09	-62.235806000000004	-58.629598	121.0	0.17
2012-07-01	PG09	-62.235806000000004	-58.629598	121.0	0.74
2012-07-12	PG09	-62.235806000000004	-58.629598	121.0	0.1
2012-07-23	PG09	-62.235806000000004	-58.629598	121.0	-0.04
2012-07-27	PG09	-62.235806000000004	-58.629598	121.0	0.0
2012-08-05	PG09	-62.235806000000004	-58.629598	121.0	0.09
2012-08-15	PG09	-62.235806000000004	-58.629598	121.0	0.23
2012-08-28	PG09	-62.235806000000004	-58.629598	121.0	-0.31
2012-09-04	PG09	-62.235806000000004	-58.629598	121.0	0.01
2012-09-12	PG09	-62.235806000000004	-58.629598	121.0	0.21
2012-09-27	PG09	-62.235806000000004	-58.629598	121.0	0.3
2012-10-09	PG09	-62.235806000000004	-58.629598	121.0	0.11
2012-10-18	PG09	-62.235806000000004	-58.629598	121.0	-0.02
2012-10-27	PG09	-62.235806000000004	-58.629598	121.0	0.21
2012-11-03	PG09	-62.235806000000004	-58.629598	121.0	0.01
2012-11-10	PG09	-62.235806000000004	-58.629598	121.0	0.0
2012-11-24	PG09	-62.235806000000004	-58.629598	121.0	-0.14
2012-12-05	PG09	-62.235806000000004	-58.629598	121.0	0.0
2012-12-14	PG09	-62.235806000000004	-58.629598	121.0	-0.04
2012-12-22	PG09	-62.235806000000004	-58.629598	121.0	-0.02
2013-01-05	PG09	-62.235806000000004	-58.629598	121.0	-0.02
2013-01-15	PG09	-62.235806000000004	-58.629598	121.0	0.09
2013-01-23	PG09	-62.235806000000004	-58.629598	121.0	-0.34
2013-02-01	PG09	-62.235806000000004	-58.629598	121.0	-0.14
2013-02-11	PG09	-62.235806000000004	-58.629598	121.0	-0.46
2013-02-19	PG09	-62.235806000000004	-58.629598	121.0	0.0
2013-02-27	PG09	-62.235806000000004	-58.629598	121.0	-0.17
2013-03-06	PG09	-62.235806000000004	-58.629598	121.0	-0.27
2013-04-01	PG09	-62.235806000000004	-58.629598	121.0	-0.4
2013-04-11	PG09	-62.235806000000004	-58.629598	121.0	-0.43
2013-05-04	PG09	-62.235806000000004	-58.629598	121.0	-0.08
2013-05-24	PG09	-62.235806000000004	-58.629598	121.0	0.17
2013-06-25	PG09	-62.235806000000004	-58.629598	121.0	0.45
2013-07-24	PG09	-62.235806000000004	-58.629598	121.0	0.93
2013-08-01	PG09	-62.235806000000004	-58.629598	121.0	-0.34
2013-08-24	PG09	-62.235806000000004	-58.629598	121.0	0.66
2013-09-12	PG09	-62.235806000000004	-58.629598	121.0	-0.06
2013-09-27	PG09	-62.235806000000004	-58.629598	121.0	0.04
2013-10-10	PG09	-62.235806000000004	-58.629598	121.0	-0.23
2013-10-20	PG09	-62.235806000000004	-58.629598	121.0	-0.02
2013-11-06	PG09	-62.235806000000004	-58.629598	121.0	-0.21
2013-11-26	PG09	-62.235806000000004	-58.629598	121.0	-0.16
2013-12-16	PG09	-62.235806000000004	-58.629598	121.0	0.17
2014-01-03	PG09	-62.235806000000004	-58.629598	121.0	-0.1
2014-01-21	PG09	-62.235806000000004	-58.629598	121.0	-0.42
2014-01-31	PG09	-62.235806000000004	-58.629598	121.0	0.15
2014-02-10	PG09	-62.235806000000004	-58.629598	121.0	0.16
2014-02-18	PG09	-62.235806000000004	-58.629598	121.0	-0.33
2014-02-28	PG09	-62.235806000000004	-58.629598	121.0	-0.19
2014-03-10	PG09	-62.235806000000004	-58.629598	121.0	-0.27
2014-03-23	PG09	-62.235806000000004	-58.629598	121.0	0.43
2014-04-09	PG09	-62.235806000000004	-58.629598	121.0	-0.12
2014-04-30	PG09	-62.235806000000004	-58.629598	121.0	-0.02
2014-05-09	PG09	-62.235806000000004	-58.629598	121.0	0.0
2014-05-22	PG09	-62.235806000000004	-58.629598	121.0	0.24
2014-06-05	PG09	-62.235806000000004	-58.629598	121.0	0.48
2014-06-19	PG09	-62.235806000000004	-58.629598	121.0	0.01
2014-07-11	PG09	-62.235806000000004	-58.629598	121.0	0.07
2014-07-31	PG09	-62.235806000000004	-58.629598	121.0	0.0
2014-08-30	PG09	-62.235806000000004	-58.629598	121.0	0.3
2014-09-10	PG09	-62.235806000000004	-58.629598	121.0	-0.02
2014-09-29	PG09	-62.235806000000004	-58.629598	121.0	0.29
2014-10-31	PG09	-62.235806000000004	-58.629598	121.0	-0.08
2014-11-15	PG09	-62.235806000000004	-58.629598	121.0	0.04
2014-11-30	PG09	-62.235806000000004	-58.629598	121.0	0.29
2014-12-12	PG09	-62.235806000000004	-58.629598	121.0	-0.05
2014-12-30	PG09	-62.235806000000004	-58.629598	121.0	-0.16
2015-01-14	PG09	-62.235806000000004	-58.629598	121.0	-0.14
2015-01-26	PG09	-62.235806000000004	-58.629598	121.0	-0.4
2015-02-06	PG09	-62.235806000000004	-58.629598	121.0	-0.76
2015-02-24	PG09	-62.235806000000004	-58.629598	121.0	-0.46
2015-03-14	PG09	-62.235806000000004	-58.629598	121.0	-0.05
2015-03-29	PG09	-62.235806000000004	-58.629598	121.0	-0.15
2015-04-13	PG09	-62.235806000000004	-58.629598	121.0	-0.11
2015-05-02	PG09	-62.235806000000004	-58.629598	121.0	-0.03
2015-05-19	PG09	-62.235806000000004	-58.629598	121.0	0.06
2015-06-17	PG09	-62.235806000000004	-58.629598	121.0	0.31
2015-07-13	PG09	-62.235806000000004	-58.629598	121.0	0.24
2015-07-29	PG09	-62.235806000000004	-58.629598	121.0	0.01
2015-08-21	PG09	-62.235806000000004	-58.629598	121.0	0.16
2015-09-14	PG09	-62.235806000000004	-58.629598	121.0	0.03
2015-10-08	PG09	-62.235806000000004	-58.629598	121.0	-0.05
2015-10-27	PG09	-62.235806000000004	-58.629598	121.0	0.1
2015-11-19	PG09	-62.235806000000004	-58.629598	121.0	0.59
2015-12-01	PG09	-62.235806000000004	-58.629598	121.0	-0.26
2015-12-26	PG09	-62.235806000000004	-58.629598	121.0	-0.2
2016-01-04	PG09	-62.235806000000004	-58.629598	121.0	-0.49
2016-02-17	PG09	-62.235806000000004	-58.629598	121.0	-0.31
2016-02-25	PG09	-62.235806000000004	-58.629598	121.0	-0.13
2016-03-10	PG09	-62.235806000000004	-58.629598	121.0	-0.49
2016-04-08	PG09	-62.235806000000004	-58.629598	121.0	-0.4
2016-04-23	PG09	-62.235806000000004	-58.629598	121.0	0.45
2012-01-24	PG15	-62.225301	-58.59525	263.9	1.01
2012-01-27	PG15	-62.225301	-58.59525	263.9	-0.01
2012-07-23	PG15	-62.225301	-58.59525	263.9	0.12
2012-07-27	PG15	-62.225301	-58.59525	263.9	0.17
2012-08-15	PG15	-62.225301	-58.59525	263.9	0.1
2012-09-12	PG15	-62.225301	-58.59525	263.9	-0.01
2012-09-27	PG15	-62.225301	-58.59525	263.9	0.28
2012-10-09	PG15	-62.225301	-58.59525	263.9	0.16
2012-10-18	PG15	-62.225301	-58.59525	263.9	-0.01
2012-10-27	PG15	-62.225301	-58.59525	263.9	0.17
2012-11-03	PG15	-62.225301	-58.59525	263.9	0.12
2012-11-10	PG15	-62.225301	-58.59525	263.9	0.02
2012-11-24	PG15	-62.225301	-58.59525	263.9	-0.13
2012-12-05	PG15	-62.225301	-58.59525	263.9	-0.03
2012-12-14	PG15	-62.225301	-58.59525	263.9	-0.01
2012-12-22	PG15	-62.225301	-58.59525	263.9	-0.02
2013-01-05	PG15	-62.225301	-58.59525	263.9	0.02
2013-01-15	PG15	-62.225301	-58.59525	263.9	-0.01
2013-02-01	PG15	-62.225301	-58.59525	263.9	-0.22
2013-02-11	PG15	-62.225301	-58.59525	263.9	-0.3
2013-02-19	PG15	-62.225301	-58.59525	263.9	-0.1
2013-02-27	PG15	-62.225301	-58.59525	263.9	0.02
2013-03-06	PG15	-62.225301	-58.59525	263.9	-0.23
2013-04-01	PG15	-62.225301	-58.59525	263.9	-0.41
2013-05-04	PG15	-62.225301	-58.59525	263.9	-0.28
2013-05-24	PG15	-62.225301	-58.59525	263.9	0.08
2013-06-25	PG15	-62.225301	-58.59525	263.9	0.6
2013-07-24	PG15	-62.225301	-58.59525	263.9	0.37
2013-08-01	PG15	-62.225301	-58.59525	263.9	-0.01
2013-08-24	PG15	-62.225301	-58.59525	263.9	0.52
2013-09-12	PG15	-62.225301	-58.59525	263.9	-0.01
2013-09-27	PG15	-62.225301	-58.59525	263.9	0.05
2013-10-10	PG15	-62.225301	-58.59525	263.9	-0.01
2013-10-20	PG15	-62.225301	-58.59525	263.9	-0.04
2013-10-27	PG15	-62.225301	-58.59525	263.9	0.1
2013-11-06	PG15	-62.225301	-58.59525	263.9	-0.17
2013-11-26	PG15	-62.225301	-58.59525	263.9	0.01
2013-12-16	PG15	-62.225301	-58.59525	263.9	0.09
2014-01-03	PG15	-62.225301	-58.59525	263.9	0.09
2014-01-21	PG15	-62.225301	-58.59525	263.9	-0.29
2014-01-31	PG15	-62.225301	-58.59525	263.9	0.11
2014-02-10	PG15	-62.225301	-58.59525	263.9	0.02
2014-02-18	PG15	-62.225301	-58.59525	263.9	-0.23
2014-02-28	PG15	-62.225301	-58.59525	263.9	0.03
2014-03-10	PG15	-62.225301	-58.59525	263.9	-0.16
2014-03-23	PG15	-62.225301	-58.59525	263.9	0.25
2014-04-09	PG15	-62.225301	-58.59525	263.9	0.06
2014-04-30	PG15	-62.225301	-58.59525	263.9	-0.05
2014-05-09	PG15	-62.225301	-58.59525	263.9	0.17
2014-05-22	PG15	-62.225301	-58.59525	263.9	0.1
2014-06-05	PG15	-62.225301	-58.59525	263.9	0.22
2014-06-19	PG15	-62.225301	-58.59525	263.9	0.31
2014-07-11	PG15	-62.225301	-58.59525	263.9	0.17
2014-07-31	PG15	-62.225301	-58.59525	263.9	0.05
2014-08-30	PG15	-62.225301	-58.59525	263.9	0.34
2014-09-10	PG15	-62.225301	-58.59525	263.9	0.03
2014-09-29	PG15	-62.225301	-58.59525	263.9	0.27
2014-10-31	PG15	-62.225301	-58.59525	263.9	0.06
2014-11-15	PG15	-62.225301	-58.59525	263.9	0.06
2014-11-30	PG15	-62.225301	-58.59525	263.9	0.15
2014-12-12	PG15	-62.225301	-58.59525	263.9	0.01
2014-12-30	PG15	-62.225301	-58.59525	263.9	0.0
2015-01-14	PG15	-62.225301	-58.59525	263.9	-0.06
2015-01-26	PG15	-62.225301	-58.59525	263.9	-0.21
2015-02-06	PG15	-62.225301	-58.59525	263.9	-0.58
2015-02-24	PG15	-62.225301	-58.59525	263.9	-0.15
2015-03-14	PG15	-62.225301	-58.59525	263.9	0.08
2015-03-29	PG15	-62.225301	-58.59525	263.9	-0.18
2015-04-13	PG15	-62.225301	-58.59525	263.9	-0.08
2015-05-02	PG15	-62.225301	-58.59525	263.9	0.0
2015-05-19	PG15	-62.225301	-58.59525	263.9	-0.05
2015-06-17	PG15	-62.225301	-58.59525	263.9	0.33
2015-07-13	PG15	-62.225301	-58.59525	263.9	0.26
2015-07-29	PG15	-62.225301	-58.59525	263.9	-0.09
2015-08-21	PG15	-62.225301	-58.59525	263.9	0.12
2015-09-14	PG15	-62.225301	-58.59525	263.9	0.06
2015-10-08	PG15	-62.225301	-58.59525	263.9	-0.02
2015-10-27	PG15	-62.225301	-58.59525	263.9	-0.01
2015-11-19	PG15	-62.225301	-58.59525	263.9	0.47
2015-12-26	PG15	-62.225301	-58.59525	263.9	0.44
2016-01-04	PG15	-62.225301	-58.59525	263.9	-0.28
2016-02-17	PG15	-62.225301	-58.59525	263.9	-0.13
2016-02-25	PG15	-62.225301	-58.59525	263.9	0.29
2016-03-10	PG15	-62.225301	-58.59525	263.9	-0.77
2016-04-08	PG15	-62.225301	-58.59525	263.9	-0.34
2016-04-23	PG15	-62.225301	-58.59525	263.9	0.8
2011-10-15	PG16_AWS	-62.235946	-58.613468000000005	194.5	0.66
2012-01-16	PG16_AWS	-62.235946	-58.613468000000005	194.5	-1.53
2012-01-27	PG16_AWS	-62.235946	-58.613468000000005	194.5	-0.28
2012-02-08	PG16_AWS	-62.235946	-58.613468000000005	194.5	-0.32
2012-02-20	PG16_AWS	-62.235946	-58.613468000000005	194.5	-0.18
2012-03-04	PG16_AWS	-62.235946	-58.613468000000005	194.5	-0.3
2012-03-13	PG16_AWS	-62.235946	-58.613468000000005	194.5	-0.21
2012-03-23	PG16_AWS	-62.235946	-58.613468000000005	194.5	-0.03
2012-04-13	PG16_AWS	-62.235946	-58.613468000000005	194.5	0.14
2012-04-21	PG16_AWS	-62.235946	-58.613468000000005	194.5	0.02
2012-05-03	PG16_AWS	-62.235946	-58.613468000000005	194.5	0.07
2012-05-11	PG16_AWS	-62.235946	-58.613468000000005	194.5	0.09
2012-05-21	PG16_AWS	-62.235946	-58.613468000000005	194.5	0.12
2012-05-30	PG16_AWS	-62.235946	-58.613468000000005	194.5	0.0
2012-06-12	PG16_AWS	-62.235946	-58.613468000000005	194.5	0.01
2012-07-01	PG16_AWS	-62.235946	-58.613468000000005	194.5	0.24
2012-07-12	PG16_AWS	-62.235946	-58.613468000000005	194.5	-0.07
2012-07-23	PG16_AWS	-62.235946	-58.613468000000005	194.5	0.1
2012-07-27	PG16_AWS	-62.235946	-58.613468000000005	194.5	0.12
2012-08-05	PG16_AWS	-62.235946	-58.613468000000005	194.5	-0.02
2012-08-15	PG16_AWS	-62.235946	-58.613468000000005	194.5	-0.02
2012-08-28	PG16_AWS	-62.235946	-58.613468000000005	194.5	-0.05
2012-09-04	PG16_AWS	-62.235946	-58.613468000000005	194.5	0.0
2012-09-12	PG16_AWS	-62.235946	-58.613468000000005	194.5	0.02
2012-09-27	PG16_AWS	-62.235946	-58.613468000000005	194.5	0.0
2012-10-09	PG16_AWS	-62.235946	-58.613468000000005	194.5	0.32
2012-10-18	PG16_AWS	-62.235946	-58.613468000000005	194.5	-0.02
2012-10-27	PG16_AWS	-62.235946	-58.613468000000005	194.5	0.1
2012-11-03	PG16_AWS	-62.235946	-58.613468000000005	194.5	0.08
2012-11-10	PG16_AWS	-62.235946	-58.613468000000005	194.5	0.03
2012-11-24	PG16_AWS	-62.235946	-58.613468000000005	194.5	-0.17
2012-12-05	PG16_AWS	-62.235946	-58.613468000000005	194.5	0.02
2012-12-14	PG16_AWS	-62.235946	-58.613468000000005	194.5	0.02
2012-12-22	PG16_AWS	-62.235946	-58.613468000000005	194.5	-0.06
2013-01-05	PG16_AWS	-62.235946	-58.613468000000005	194.5	0.02
2013-01-15	PG16_AWS	-62.235946	-58.613468000000005	194.5	-0.02
2013-01-23	PG16_AWS	-62.235946	-58.613468000000005	194.5	-0.34
2013-02-01	PG16_AWS	-62.235946	-58.613468000000005	194.5	0.12
2013-02-11	PG16_AWS	-62.235946	-58.613468000000005	194.5	-0.36
2013-02-19	PG16_AWS	-62.235946	-58.613468000000005	194.5	0.04
2013-02-27	PG16_AWS	-62.235946	-58.613468000000005	194.5	-0.11
2013-03-06	PG16_AWS	-62.235946	-58.613468000000005	194.5	-0.24
2013-04-01	PG16_AWS	-62.235946	-58.613468000000005	194.5	-0.21
2013-04-11	PG16_AWS	-62.235946	-58.613468000000005	194.5	-0.05
2013-05-04	PG16_AWS	-62.235946	-58.613468000000005	194.5	-0.08
2013-05-24	PG16_AWS	-62.235946	-58.613468000000005	194.5	0.01
2013-06-25	PG16_AWS	-62.235946	-58.613468000000005	194.5	0.32
2013-07-17	PG16_AWS	-62.235946	-58.613468000000005	194.5	0.26
2013-07-24	PG16_AWS	-62.235946	-58.613468000000005	194.5	0.05
2013-08-01	PG16_AWS	-62.235946	-58.613468000000005	194.5	0.07
2013-08-24	PG16_AWS	-62.235946	-58.613468000000005	194.5	0.0
2013-09-12	PG16_AWS	-62.235946	-58.613468000000005	194.5	0.03
2013-09-27	PG16_AWS	-62.235946	-58.613468000000005	194.5	0.1
2013-10-10	PG16_AWS	-62.235946	-58.613468000000005	194.5	-0.03
2013-10-20	PG16_AWS	-62.235946	-58.613468000000005	194.5	0.11
2013-10-27	PG16_AWS	-62.235946	-58.613468000000005	194.5	0.02
2013-11-06	PG16_AWS	-62.235946	-58.613468000000005	194.5	-0.2
2013-11-26	PG16_AWS	-62.235946	-58.613468000000005	194.5	-0.07
2013-12-16	PG16_AWS	-62.235946	-58.613468000000005	194.5	0.14
2014-01-03	PG16_AWS	-62.235946	-58.613468000000005	194.5	0.0
2014-01-21	PG16_AWS	-62.235946	-58.613468000000005	194.5	-0.28
2014-01-31	PG16_AWS	-62.235946	-58.613468000000005	194.5	0.23
2014-02-10	PG16_AWS	-62.235946	-58.613468000000005	194.5	0.13
2014-02-18	PG16_AWS	-62.235946	-58.613468000000005	194.5	-0.26
2014-02-28	PG16_AWS	-62.235946	-58.613468000000005	194.5	-0.08
2014-03-10	PG16_AWS	-62.235946	-58.613468000000005	194.5	-0.23
2014-03-23	PG16_AWS	-62.235946	-58.613468000000005	194.5	0.21
2014-04-09	PG16_AWS	-62.235946	-58.613468000000005	194.5	-0.03
2014-04-30	PG16_AWS	-62.235946	-58.613468000000005	194.5	0.13
2014-05-09	PG16_AWS	-62.235946	-58.613468000000005	194.5	-0.11
2014-05-22	PG16_AWS	-62.235946	-58.613468000000005	194.5	0.17
2014-06-05	PG16_AWS	-62.235946	-58.613468000000005	194.5	0.21
2014-06-19	PG16_AWS	-62.235946	-58.613468000000005	194.5	0.11
2014-07-11	PG16_AWS	-62.235946	-58.613468000000005	194.5	0.07
2014-07-31	PG16_AWS	-62.235946	-58.613468000000005	194.5	0.03
2014-08-30	PG16_AWS	-62.235946	-58.613468000000005	194.5	0.2
2014-09-10	PG16_AWS	-62.235946	-58.613468000000005	194.5	0.0
2014-09-29	PG16_AWS	-62.235946	-58.613468000000005	194.5	0.06
2014-10-31	PG16_AWS	-62.235946	-58.613468000000005	194.5	0.1
2014-11-15	PG16_AWS	-62.235946	-58.613468000000005	194.5	0.13
2014-11-30	PG16_AWS	-62.235946	-58.613468000000005	194.5	-0.03
2014-12-12	PG16_AWS	-62.235946	-58.613468000000005	194.5	0.05
2014-12-30	PG16_AWS	-62.235946	-58.613468000000005	194.5	-0.05
2015-01-14	PG16_AWS	-62.235946	-58.613468000000005	194.5	-0.07
2015-01-26	PG16_AWS	-62.235946	-58.613468000000005	194.5	-0.26
2015-02-06	PG16_AWS	-62.235946	-58.613468000000005	194.5	-0.58
2015-02-24	PG16_AWS	-62.235946	-58.613468000000005	194.5	-0.32
2015-03-14	PG16_AWS	-62.235946	-58.613468000000005	194.5	0.08
2015-03-29	PG16_AWS	-62.235946	-58.613468000000005	194.5	-0.15
2015-04-13	PG16_AWS	-62.235946	-58.613468000000005	194.5	-0.06
2015-05-02	PG16_AWS	-62.235946	-58.613468000000005	194.5	0.04
2015-05-19	PG16_AWS	-62.235946	-58.613468000000005	194.5	-0.07
2015-06-17	PG16_AWS	-62.235946	-58.613468000000005	194.5	0.23
2015-07-13	PG16_AWS	-62.235946	-58.613468000000005	194.5	0.26
2015-07-29	PG16_AWS	-62.235946	-58.613468000000005	194.5	0.03
2015-08-21	PG16_AWS	-62.235946	-58.613468000000005	194.5	0.07
2015-09-14	PG16_AWS	-62.235946	-58.613468000000005	194.5	0.11
2015-10-08	PG16_AWS	-62.235946	-58.613468000000005	194.5	-0.06
2015-10-27	PG16_AWS	-62.235946	-58.613468000000005	194.5	0.19
2015-11-19	PG16_AWS	-62.235946	-58.613468000000005	194.5	0.24
2015-12-01	PG16_AWS	-62.235946	-58.613468000000005	194.5	-0.04
2015-12-26	PG16_AWS	-62.235946	-58.613468000000005	194.5	-0.04
2016-01-04	PG16_AWS	-62.235946	-58.613468000000005	194.5	-0.33
2016-02-17	PG16_AWS	-62.235946	-58.613468000000005	194.5	-0.48
2016-02-25	PG16_AWS	-62.235946	-58.613468000000005	194.5	0.04
2016-03-10	PG16_AWS	-62.235946	-58.613468000000005	194.5	-0.32
2016-04-08	PG16_AWS	-62.235946	-58.613468000000005	194.5	-0.22
2016-04-23	PG16_AWS	-62.235946	-58.613468000000005	194.5	0.32
2012-02-08	PG16	-62.230670999999994	-58.600963	229.4	-0.55
2012-02-20	PG16	-62.230670999999994	-58.600963	229.4	0.04
2012-03-04	PG16	-62.230670999999994	-58.600963	229.4	-0.22
2012-03-13	PG16	-62.230670999999994	-58.600963	229.4	-0.13
2012-03-23	PG16	-62.230670999999994	-58.600963	229.4	-0.06
2012-04-13	PG16	-62.230670999999994	-58.600963	229.4	0.01
2012-04-21	PG16	-62.230670999999994	-58.600963	229.4	0.08
2012-05-03	PG16	-62.230670999999994	-58.600963	229.4	0.11
2012-05-11	PG16	-62.230670999999994	-58.600963	229.4	0.07
2012-05-21	PG16	-62.230670999999994	-58.600963	229.4	0.06
2012-05-30	PG16	-62.230670999999994	-58.600963	229.4	0.04
2012-06-12	PG16	-62.230670999999994	-58.600963	229.4	0.16
2012-07-01	PG16	-62.230670999999994	-58.600963	229.4	-0.04
2012-07-12	PG16	-62.230670999999994	-58.600963	229.4	0.14
2012-07-23	PG16	-62.230670999999994	-58.600963	229.4	0.08
2012-07-27	PG16	-62.230670999999994	-58.600963	229.4	0.15
2012-08-05	PG16	-62.230670999999994	-58.600963	229.4	0.07
2012-08-15	PG16	-62.230670999999994	-58.600963	229.4	0.13
2012-08-28	PG16	-62.230670999999994	-58.600963	229.4	0.12
2012-09-04	PG16	-62.230670999999994	-58.600963	229.4	0.0
2012-09-12	PG16	-62.230670999999994	-58.600963	229.4	0.1
2012-09-27	PG16	-62.230670999999994	-58.600963	229.4	-0.02
2012-10-09	PG16	-62.230670999999994	-58.600963	229.4	0.12
2012-10-18	PG16	-62.230670999999994	-58.600963	229.4	0.02
2012-10-27	PG16	-62.230670999999994	-58.600963	229.4	0.24
2012-11-03	PG16	-62.230670999999994	-58.600963	229.4	0.04
2012-11-10	PG16	-62.230670999999994	-58.600963	229.4	-0.05
2012-11-24	PG16	-62.230670999999994	-58.600963	229.4	-0.1
2012-12-05	PG16	-62.230670999999994	-58.600963	229.4	0.0
2012-12-14	PG16	-62.230670999999994	-58.600963	229.4	-0.03
2012-12-22	PG16	-62.230670999999994	-58.600963	229.4	-0.01
2013-01-05	PG16	-62.230670999999994	-58.600963	229.4	-0.03
2013-01-15	PG16	-62.230670999999994	-58.600963	229.4	0.07
2013-01-23	PG16	-62.230670999999994	-58.600963	229.4	-0.28
2013-02-01	PG16	-62.230670999999994	-58.600963	229.4	0.01
2013-02-11	PG16	-62.230670999999994	-58.600963	229.4	-0.06
2013-02-19	PG16	-62.230670999999994	-58.600963	229.4	-0.19
2013-02-27	PG16	-62.230670999999994	-58.600963	229.4	-0.08
2013-03-06	PG16	-62.230670999999994	-58.600963	229.4	-0.25
2013-04-01	PG16	-62.230670999999994	-58.600963	229.4	-0.37
2013-04-11	PG16	-62.230670999999994	-58.600963	229.4	-0.12
2013-05-04	PG16	-62.230670999999994	-58.600963	229.4	0.15
2013-05-24	PG16	-62.230670999999994	-58.600963	229.4	-0.02
2013-06-25	PG16	-62.230670999999994	-58.600963	229.4	0.48
2013-07-24	PG16	-62.230670999999994	-58.600963	229.4	0.29
2013-08-01	PG16	-62.230670999999994	-58.600963	229.4	0.04
2013-08-24	PG16	-62.230670999999994	-58.600963	229.4	0.0
2013-09-12	PG16	-62.230670999999994	-58.600963	229.4	0.08
2013-09-27	PG16	-62.230670999999994	-58.600963	229.4	0.15
2013-10-10	PG16	-62.230670999999994	-58.600963	229.4	-0.16
2013-10-20	PG16	-62.230670999999994	-58.600963	229.4	0.09
2013-10-27	PG16	-62.230670999999994	-58.600963	229.4	0.06
2013-11-06	PG16	-62.230670999999994	-58.600963	229.4	-0.13
2013-11-26	PG16	-62.230670999999994	-58.600963	229.4	-0.1
2013-12-16	PG16	-62.230670999999994	-58.600963	229.4	0.23
2014-01-03	PG16	-62.230670999999994	-58.600963	229.4	-0.13
2014-01-21	PG16	-62.230670999999994	-58.600963	229.4	-0.2
2014-01-31	PG16	-62.230670999999994	-58.600963	229.4	0.03
2014-02-10	PG16	-62.230670999999994	-58.600963	229.4	0.11
2014-02-18	PG16	-62.230670999999994	-58.600963	229.4	-0.24
2014-02-28	PG16	-62.230670999999994	-58.600963	229.4	-0.03
2014-03-10	PG16	-62.230670999999994	-58.600963	229.4	-0.13
2014-03-23	PG16	-62.230670999999994	-58.600963	229.4	0.56
2014-04-09	PG16	-62.230670999999994	-58.600963	229.4	-0.33
2014-04-30	PG16	-62.230670999999994	-58.600963	229.4	-0.07
2014-05-09	PG16	-62.230670999999994	-58.600963	229.4	0.17
2014-05-22	PG16	-62.230670999999994	-58.600963	229.4	0.07
2014-06-05	PG16	-62.230670999999994	-58.600963	229.4	0.69
2014-06-19	PG16	-62.230670999999994	-58.600963	229.4	0.0
2014-07-11	PG16	-62.230670999999994	-58.600963	229.4	0.18
2014-07-31	PG16	-62.230670999999994	-58.600963	229.4	0.01
2014-08-30	PG16	-62.230670999999994	-58.600963	229.4	0.15
2014-09-10	PG16	-62.230670999999994	-58.600963	229.4	-0.02
2014-09-29	PG16	-62.230670999999994	-58.600963	229.4	0.23
2014-10-31	PG16	-62.230670999999994	-58.600963	229.4	-0.03
2014-11-15	PG16	-62.230670999999994	-58.600963	229.4	0.13
2014-11-30	PG16	-62.230670999999994	-58.600963	229.4	0.13
2014-12-12	PG16	-62.230670999999994	-58.600963	229.4	0.06
2014-12-30	PG16	-62.230670999999994	-58.600963	229.4	-0.01
2015-01-14	PG16	-62.230670999999994	-58.600963	229.4	-0.12
2015-01-26	PG16	-62.230670999999994	-58.600963	229.4	-0.23
2015-02-06	PG16	-62.230670999999994	-58.600963	229.4	-0.54
2015-02-24	PG16	-62.230670999999994	-58.600963	229.4	-0.24
2015-03-14	PG16	-62.230670999999994	-58.600963	229.4	0.05
2015-03-29	PG16	-62.230670999999994	-58.600963	229.4	-0.22
2015-04-13	PG16	-62.230670999999994	-58.600963	229.4	-0.13
2015-05-02	PG16	-62.230670999999994	-58.600963	229.4	0.04
2015-05-19	PG16	-62.230670999999994	-58.600963	229.4	-0.08
2015-06-17	PG16	-62.230670999999994	-58.600963	229.4	0.45
2015-07-13	PG16	-62.230670999999994	-58.600963	229.4	0.33
2015-07-29	PG16	-62.230670999999994	-58.600963	229.4	0.04
2015-08-21	PG16	-62.230670999999994	-58.600963	229.4	0.02
2015-09-14	PG16	-62.230670999999994	-58.600963	229.4	0.1
2015-10-08	PG16	-62.230670999999994	-58.600963	229.4	0.0
2015-10-27	PG16	-62.230670999999994	-58.600963	229.4	0.11
2015-11-19	PG16	-62.230670999999994	-58.600963	229.4	0.23
2015-12-26	PG16	-62.230670999999994	-58.600963	229.4	-0.04
2016-01-04	PG16	-62.230670999999994	-58.600963	229.4	-0.44
2016-02-17	PG16	-62.230670999999994	-58.600963	229.4	0.03
2016-03-10	PG16	-62.230670999999994	-58.600963	229.4	-0.65
2016-04-08	PG16	-62.230670999999994	-58.600963	229.4	-0.35
2016-04-23	PG16	-62.230670999999994	-58.600963	229.4	0.11
2011-10-15	PG17	-62.236377000000005	-58.621411	167.2	1.05
2012-01-16	PG17	-62.236377000000005	-58.621411	167.2	-1.68
2012-01-24	PG17	-62.236377000000005	-58.621411	167.2	-0.25
2012-01-27	PG17	-62.236377000000005	-58.621411	167.2	-0.19
2012-02-08	PG17	-62.236377000000005	-58.621411	167.2	-0.38
2012-02-20	PG17	-62.236377000000005	-58.621411	167.2	-0.56
2012-03-04	PG17	-62.236377000000005	-58.621411	167.2	0.17
2012-03-13	PG17	-62.236377000000005	-58.621411	167.2	-0.21
2012-03-23	PG17	-62.236377000000005	-58.621411	167.2	-0.06
2012-04-13	PG17	-62.236377000000005	-58.621411	167.2	0.09
2012-04-21	PG17	-62.236377000000005	-58.621411	167.2	0.26
2012-05-03	PG17	-62.236377000000005	-58.621411	167.2	0.07
2012-05-11	PG17	-62.236377000000005	-58.621411	167.2	0.09
2012-05-21	PG17	-62.236377000000005	-58.621411	167.2	-0.06
2012-05-30	PG17	-62.236377000000005	-58.621411	167.2	-0.01
2012-06-12	PG17	-62.236377000000005	-58.621411	167.2	0.25
2012-07-01	PG17	-62.236377000000005	-58.621411	167.2	0.3
2012-07-12	PG17	-62.236377000000005	-58.621411	167.2	0.18
2012-07-23	PG17	-62.236377000000005	-58.621411	167.2	-0.04
2012-07-27	PG17	-62.236377000000005	-58.621411	167.2	0.15
2012-08-05	PG17	-62.236377000000005	-58.621411	167.2	-0.06
2012-08-15	PG17	-62.236377000000005	-58.621411	167.2	0.11
2012-08-28	PG17	-62.236377000000005	-58.621411	167.2	-0.14
2012-09-04	PG17	-62.236377000000005	-58.621411	167.2	-0.01
2012-09-12	PG17	-62.236377000000005	-58.621411	167.2	0.14
2012-09-27	PG17	-62.236377000000005	-58.621411	167.2	0.25
2012-10-09	PG17	-62.236377000000005	-58.621411	167.2	0.03
2012-10-18	PG17	-62.236377000000005	-58.621411	167.2	0.0
2012-10-27	PG17	-62.236377000000005	-58.621411	167.2	0.26
2012-11-03	PG17	-62.236377000000005	-58.621411	167.2	0.01
2012-11-10	PG17	-62.236377000000005	-58.621411	167.2	0.01
2012-11-24	PG17	-62.236377000000005	-58.621411	167.2	-0.15
2012-12-05	PG17	-62.236377000000005	-58.621411	167.2	0.02
2012-12-14	PG17	-62.236377000000005	-58.621411	167.2	-0.02
2012-12-22	PG17	-62.236377000000005	-58.621411	167.2	-0.08
2013-01-05	PG17	-62.236377000000005	-58.621411	167.2	-0.05
2013-01-15	PG17	-62.236377000000005	-58.621411	167.2	0.12
2013-01-23	PG17	-62.236377000000005	-58.621411	167.2	-0.31
2013-02-01	PG17	-62.236377000000005	-58.621411	167.2	-0.1
2013-02-11	PG17	-62.236377000000005	-58.621411	167.2	-0.33
2013-02-19	PG17	-62.236377000000005	-58.621411	167.2	0.04
2013-02-27	PG17	-62.236377000000005	-58.621411	167.2	-0.16
2013-03-06	PG17	-62.236377000000005	-58.621411	167.2	-0.25
2013-04-01	PG17	-62.236377000000005	-58.621411	167.2	-0.25
2013-04-11	PG17	-62.236377000000005	-58.621411	167.2	-0.25
2013-05-04	PG17	-62.236377000000005	-58.621411	167.2	-0.1
2013-05-24	PG17	-62.236377000000005	-58.621411	167.2	0.04
2013-06-25	PG17	-62.236377000000005	-58.621411	167.2	0.48
2013-07-17	PG17	-62.236377000000005	-58.621411	167.2	0.32
2013-07-24	PG17	-62.236377000000005	-58.621411	167.2	0.08
2013-08-01	PG17	-62.236377000000005	-58.621411	167.2	0.0
2013-08-24	PG17	-62.236377000000005	-58.621411	167.2	0.33
2013-09-12	PG17	-62.236377000000005	-58.621411	167.2	0.08
2013-09-27	PG17	-62.236377000000005	-58.621411	167.2	0.02
2013-10-10	PG17	-62.236377000000005	-58.621411	167.2	-0.11
2013-10-20	PG17	-62.236377000000005	-58.621411	167.2	-0.12
2013-10-27	PG17	-62.236377000000005	-58.621411	167.2	0.17
2013-11-06	PG17	-62.236377000000005	-58.621411	167.2	-0.31
2013-11-26	PG17	-62.236377000000005	-58.621411	167.2	-0.06
2013-12-16	PG17	-62.236377000000005	-58.621411	167.2	0.07
2014-01-03	PG17	-62.236377000000005	-58.621411	167.2	0.0
2014-01-21	PG17	-62.236377000000005	-58.621411	167.2	-0.35
2014-01-31	PG17	-62.236377000000005	-58.621411	167.2	0.0
2014-02-10	PG17	-62.236377000000005	-58.621411	167.2	0.09
2014-02-18	PG17	-62.236377000000005	-58.621411	167.2	-0.28
2014-02-28	PG17	-62.236377000000005	-58.621411	167.2	-0.06
2014-03-10	PG17	-62.236377000000005	-58.621411	167.2	-0.08
2014-03-23	PG17	-62.236377000000005	-58.621411	167.2	0.22
2014-04-09	PG17	-62.236377000000005	-58.621411	167.2	-0.03
2014-04-30	PG17	-62.236377000000005	-58.621411	167.2	0.08
2014-05-09	PG17	-62.236377000000005	-58.621411	167.2	0.01
2014-05-22	PG17	-62.236377000000005	-58.621411	167.2	0.16
2014-06-05	PG17	-62.236377000000005	-58.621411	167.2	0.37
2014-06-19	PG17	-62.236377000000005	-58.621411	167.2	0.0
2014-07-11	PG17	-62.236377000000005	-58.621411	167.2	0.11
2014-07-31	PG17	-62.236377000000005	-58.621411	167.2	-0.02
2014-08-30	PG17	-62.236377000000005	-58.621411	167.2	0.21
2014-09-10	PG17	-62.236377000000005	-58.621411	167.2	0.0
2014-09-29	PG17	-62.236377000000005	-58.621411	167.2	0.04
2014-10-31	PG17	-62.236377000000005	-58.621411	167.2	0.07
2014-11-15	PG17	-62.236377000000005	-58.621411	167.2	0.13
2014-11-30	PG17	-62.236377000000005	-58.621411	167.2	0.08
2014-12-12	PG17	-62.236377000000005	-58.621411	167.2	-0.02
2014-12-30	PG17	-62.236377000000005	-58.621411	167.2	-0.06
2015-01-14	PG17	-62.236377000000005	-58.621411	167.2	-0.05
2015-01-26	PG17	-62.236377000000005	-58.621411	167.2	-0.31
2015-02-06	PG17	-62.236377000000005	-58.621411	167.2	-0.6
2015-02-24	PG17	-62.236377000000005	-58.621411	167.2	-0.34
2015-03-14	PG17	-62.236377000000005	-58.621411	167.2	-0.02
2015-03-29	PG17	-62.236377000000005	-58.621411	167.2	-0.15
2015-04-13	PG17	-62.236377000000005	-58.621411	167.2	-0.07
2015-05-02	PG17	-62.236377000000005	-58.621411	167.2	0.0
2015-05-19	PG17	-62.236377000000005	-58.621411	167.2	0.06
2015-06-17	PG17	-62.236377000000005	-58.621411	167.2	0.37
2015-07-13	PG17	-62.236377000000005	-58.621411	167.2	0.17
2015-07-29	PG17	-62.236377000000005	-58.621411	167.2	0.01
2015-08-21	PG17	-62.236377000000005	-58.621411	167.2	0.03
2015-09-14	PG17	-62.236377000000005	-58.621411	167.2	0.1
2015-10-08	PG17	-62.236377000000005	-58.621411	167.2	-0.08
2015-10-27	PG17	-62.236377000000005	-58.621411	167.2	0.22
2015-11-19	PG17	-62.236377000000005	-58.621411	167.2	0.29
2015-12-01	PG17	-62.236377000000005	-58.621411	167.2	-0.12
2015-12-26	PG17	-62.236377000000005	-58.621411	167.2	-0.12
2016-01-04	PG17	-62.236377000000005	-58.621411	167.2	-0.46
2016-02-17	PG17	-62.236377000000005	-58.621411	167.2	-0.37
2016-02-25	PG17	-62.236377000000005	-58.621411	167.2	-0.06
2016-03-10	PG17	-62.236377000000005	-58.621411	167.2	-0.44
2016-04-08	PG17	-62.236377000000005	-58.621411	167.2	-0.17
2016-04-23	PG17	-62.236377000000005	-58.621411	167.2	0.07
2011-10-15	PG18	-62.237109999999994	-58.628262	131.4	0.79
2012-01-16	PG18	-62.237109999999994	-58.628262	131.4	-2.25
2012-01-23	PG18	-62.237109999999994	-58.628262	131.4	-0.2
2012-01-27	PG18	-62.237109999999994	-58.628262	131.4	-0.19
2012-02-08	PG18	-62.237109999999994	-58.628262	131.4	-0.38
2012-02-20	PG18	-62.237109999999994	-58.628262	131.4	-0.17
2012-03-04	PG18	-62.237109999999994	-58.628262	131.4	-0.41
2012-03-13	PG18	-62.237109999999994	-58.628262	131.4	-0.31
2012-03-23	PG18	-62.237109999999994	-58.628262	131.4	-0.1
2012-04-13	PG18	-62.237109999999994	-58.628262	131.4	0.22
2012-04-21	PG18	-62.237109999999994	-58.628262	131.4	0.32
2012-05-03	PG18	-62.237109999999994	-58.628262	131.4	0.05
2012-05-11	PG18	-62.237109999999994	-58.628262	131.4	0.05
2012-05-21	PG18	-62.237109999999994	-58.628262	131.4	-0.03
2012-05-30	PG18	-62.237109999999994	-58.628262	131.4	0.08
2012-06-12	PG18	-62.237109999999994	-58.628262	131.4	0.19
2012-07-01	PG18	-62.237109999999994	-58.628262	131.4	0.72
2012-07-12	PG18	-62.237109999999994	-58.628262	131.4	0.1
2012-07-23	PG18	-62.237109999999994	-58.628262	131.4	-0.04
2012-07-27	PG18	-62.237109999999994	-58.628262	131.4	0.07
2012-08-05	PG18	-62.237109999999994	-58.628262	131.4	0.03
2012-08-15	PG18	-62.237109999999994	-58.628262	131.4	0.06
2012-08-28	PG18	-62.237109999999994	-58.628262	131.4	-0.2
2012-09-04	PG18	-62.237109999999994	-58.628262	131.4	-0.01
2012-09-12	PG18	-62.237109999999994	-58.628262	131.4	0.3
2012-09-27	PG18	-62.237109999999994	-58.628262	131.4	0.11
2012-10-09	PG18	-62.237109999999994	-58.628262	131.4	0.26
2012-10-18	PG18	-62.237109999999994	-58.628262	131.4	-0.06
2012-10-27	PG18	-62.237109999999994	-58.628262	131.4	0.31
2012-11-03	PG18	-62.237109999999994	-58.628262	131.4	-0.06
2012-11-10	PG18	-62.237109999999994	-58.628262	131.4	-0.01
2012-11-24	PG18	-62.237109999999994	-58.628262	131.4	-0.06
2012-12-05	PG18	-62.237109999999994	-58.628262	131.4	-0.02
2012-12-14	PG18	-62.237109999999994	-58.628262	131.4	-0.04
2012-12-22	PG18	-62.237109999999994	-58.628262	131.4	-0.09
2013-01-05	PG18	-62.237109999999994	-58.628262	131.4	0.01
2013-01-15	PG18	-62.237109999999994	-58.628262	131.4	-0.01
2013-01-23	PG18	-62.237109999999994	-58.628262	131.4	-0.4
2013-02-01	PG18	-62.237109999999994	-58.628262	131.4	-0.06
2013-02-11	PG18	-62.237109999999994	-58.628262	131.4	-0.26
2013-02-19	PG18	-62.237109999999994	-58.628262	131.4	0.03
2013-02-27	PG18	-62.237109999999994	-58.628262	131.4	-0.17
2013-03-06	PG18	-62.237109999999994	-58.628262	131.4	-0.28
2013-04-01	PG18	-62.237109999999994	-58.628262	131.4	-0.52
2013-04-11	PG18	-62.237109999999994	-58.628262	131.4	-0.33
2013-05-04	PG18	-62.237109999999994	-58.628262	131.4	-0.14
2013-05-24	PG18	-62.237109999999994	-58.628262	131.4	0.21
2013-06-25	PG18	-62.237109999999994	-58.628262	131.4	0.53
2013-07-17	PG18	-62.237109999999994	-58.628262	131.4	0.46
2013-07-24	PG18	-62.237109999999994	-58.628262	131.4	-0.15
2013-08-01	PG18	-62.237109999999994	-58.628262	131.4	0.2
2013-08-24	PG18	-62.237109999999994	-58.628262	131.4	0.53
2013-09-12	PG18	-62.237109999999994	-58.628262	131.4	-0.06
2013-09-27	PG18	-62.237109999999994	-58.628262	131.4	-0.03
2013-10-10	PG18	-62.237109999999994	-58.628262	131.4	-0.15
2013-10-20	PG18	-62.237109999999994	-58.628262	131.4	-0.07
2013-10-27	PG18	-62.237109999999994	-58.628262	131.4	-0.05
2013-11-06	PG18	-62.237109999999994	-58.628262	131.4	-0.09
2013-11-26	PG18	-62.237109999999994	-58.628262	131.4	-0.08
2013-12-16	PG18	-62.237109999999994	-58.628262	131.4	0.18
2014-01-03	PG18	-62.237109999999994	-58.628262	131.4	-0.09
2014-01-21	PG18	-62.237109999999994	-58.628262	131.4	-0.34
2014-01-31	PG18	-62.237109999999994	-58.628262	131.4	0.0
2014-02-10	PG18	-62.237109999999994	-58.628262	131.4	0.27
2014-02-18	PG18	-62.237109999999994	-58.628262	131.4	-0.31
2014-02-28	PG18	-62.237109999999994	-58.628262	131.4	-0.13
2014-03-10	PG18	-62.237109999999994	-58.628262	131.4	-0.3
2014-03-23	PG18	-62.237109999999994	-58.628262	131.4	0.3
2014-04-09	PG18	-62.237109999999994	-58.628262	131.4	-0.05
2014-04-30	PG18	-62.237109999999994	-58.628262	131.4	-0.01
2014-05-09	PG18	-62.237109999999994	-58.628262	131.4	0.04
2014-05-22	PG18	-62.237109999999994	-58.628262	131.4	0.22
2014-06-05	PG18	-62.237109999999994	-58.628262	131.4	0.55
2014-06-19	PG18	-62.237109999999994	-58.628262	131.4	-0.01
2014-07-11	PG18	-62.237109999999994	-58.628262	131.4	-0.04
2014-07-31	PG18	-62.237109999999994	-58.628262	131.4	0.02
2014-08-30	PG18	-62.237109999999994	-58.628262	131.4	0.2
2014-09-10	PG18	-62.237109999999994	-58.628262	131.4	-0.03
2014-09-29	PG18	-62.237109999999994	-58.628262	131.4	0.15
2014-10-31	PG18	-62.237109999999994	-58.628262	131.4	0.02
2014-11-15	PG18	-62.237109999999994	-58.628262	131.4	0.15
2014-11-30	PG18	-62.237109999999994	-58.628262	131.4	0.04
2014-12-12	PG18	-62.237109999999994	-58.628262	131.4	-0.01
2014-12-30	PG18	-62.237109999999994	-58.628262	131.4	-0.12
2015-01-14	PG18	-62.237109999999994	-58.628262	131.4	-0.07
2015-01-26	PG18	-62.237109999999994	-58.628262	131.4	-0.37
2015-02-06	PG18	-62.237109999999994	-58.628262	131.4	-0.68
2015-02-24	PG18	-62.237109999999994	-58.628262	131.4	-0.47
2015-03-14	PG18	-62.237109999999994	-58.628262	131.4	-0.03
2015-03-29	PG18	-62.237109999999994	-58.628262	131.4	-0.16
2015-04-13	PG18	-62.237109999999994	-58.628262	131.4	-0.11
2015-05-02	PG18	-62.237109999999994	-58.628262	131.4	0.01
2015-05-19	PG18	-62.237109999999994	-58.628262	131.4	0.09
2015-06-17	PG18	-62.237109999999994	-58.628262	131.4	0.25
2015-07-13	PG18	-62.237109999999994	-58.628262	131.4	0.45
2015-07-29	PG18	-62.237109999999994	-58.628262	131.4	-0.01
2015-08-21	PG18	-62.237109999999994	-58.628262	131.4	-0.02
2015-09-14	PG18	-62.237109999999994	-58.628262	131.4	0.01
2015-10-08	PG18	-62.237109999999994	-58.628262	131.4	0.05
2015-10-27	PG18	-62.237109999999994	-58.628262	131.4	0.12
2015-11-19	PG18	-62.237109999999994	-58.628262	131.4	0.42
2015-12-01	PG18	-62.237109999999994	-58.628262	131.4	-0.21
2015-12-26	PG18	-62.237109999999994	-58.628262	131.4	-0.13
2016-01-04	PG18	-62.237109999999994	-58.628262	131.4	-0.44
2016-02-17	PG18	-62.237109999999994	-58.628262	131.4	-0.11
2016-02-25	PG18	-62.237109999999994	-58.628262	131.4	-0.24
2016-03-10	PG18	-62.237109999999994	-58.628262	131.4	-0.41
2016-04-08	PG18	-62.237109999999994	-58.628262	131.4	-0.48
2016-04-23	PG18	-62.237109999999994	-58.628262	131.4	0.35
2011-10-15	PG19	-62.237671999999996	-58.633624	96.8	0.83
2012-01-16	PG19	-62.237671999999996	-58.633624	96.8	-2.46
2012-01-20	PG19	-62.237671999999996	-58.633624	96.8	-0.01
2012-01-27	PG19	-62.237671999999996	-58.633624	96.8	-0.38
2012-02-08	PG19	-62.237671999999996	-58.633624	96.8	-0.66
2012-02-20	PG19	-62.237671999999996	-58.633624	96.8	-0.29
2012-03-04	PG19	-62.237671999999996	-58.633624	96.8	-0.38
2012-03-13	PG19	-62.237671999999996	-58.633624	96.8	-0.28
2012-03-23	PG19	-62.237671999999996	-58.633624	96.8	-0.26
2012-04-13	PG19	-62.237671999999996	-58.633624	96.8	0.69
2012-04-21	PG19	-62.237671999999996	-58.633624	96.8	0.58
2012-05-03	PG19	-62.237671999999996	-58.633624	96.8	0.14
2012-05-11	PG19	-62.237671999999996	-58.633624	96.8	0.01
2012-05-21	PG19	-62.237671999999996	-58.633624	96.8	-0.18
2012-05-30	PG19	-62.237671999999996	-58.633624	96.8	0.12
2012-06-12	PG19	-62.237671999999996	-58.633624	96.8	0.2
2012-07-01	PG19	-62.237671999999996	-58.633624	96.8	0.85
2012-07-12	PG19	-62.237671999999996	-58.633624	96.8	0.14
2012-07-23	PG19	-62.237671999999996	-58.633624	96.8	-0.04
2012-07-27	PG19	-62.237671999999996	-58.633624	96.8	0.1
2012-08-05	PG19	-62.237671999999996	-58.633624	96.8	-0.01
2012-08-15	PG19	-62.237671999999996	-58.633624	96.8	0.48
2012-08-28	PG19	-62.237671999999996	-58.633624	96.8	-0.45
2012-09-04	PG19	-62.237671999999996	-58.633624	96.8	-0.01
2012-09-12	PG19	-62.237671999999996	-58.633624	96.8	0.63
2012-09-27	PG19	-62.237671999999996	-58.633624	96.8	0.26
2012-10-09	PG19	-62.237671999999996	-58.633624	96.8	0.14
2012-10-18	PG19	-62.237671999999996	-58.633624	96.8	-0.08
2012-10-27	PG19	-62.237671999999996	-58.633624	96.8	0.14
2012-11-03	PG19	-62.237671999999996	-58.633624	96.8	0.08
2012-11-10	PG19	-62.237671999999996	-58.633624	96.8	0.12
2012-11-24	PG19	-62.237671999999996	-58.633624	96.8	-0.14
2012-12-05	PG19	-62.237671999999996	-58.633624	96.8	0.0
2012-12-14	PG19	-62.237671999999996	-58.633624	96.8	0.0
2012-12-22	PG19	-62.237671999999996	-58.633624	96.8	-0.1
2013-01-05	PG19	-62.237671999999996	-58.633624	96.8	0.05
2013-01-15	PG19	-62.237671999999996	-58.633624	96.8	-0.03
2013-01-23	PG19	-62.237671999999996	-58.633624	96.8	-0.14
2013-02-01	PG19	-62.237671999999996	-58.633624	96.8	0.09
2013-02-11	PG19	-62.237671999999996	-58.633624	96.8	-0.4
2013-02-19	PG19	-62.237671999999996	-58.633624	96.8	-0.03
2013-02-27	PG19	-62.237671999999996	-58.633624	96.8	-0.15
2013-03-06	PG19	-62.237671999999996	-58.633624	96.8	-0.37
2013-04-01	PG19	-62.237671999999996	-58.633624	96.8	-0.51
2013-04-11	PG19	-62.237671999999996	-58.633624	96.8	-0.41
2013-05-04	PG19	-62.237671999999996	-58.633624	96.8	-0.28
2013-05-24	PG19	-62.237671999999996	-58.633624	96.8	0.43
2013-06-25	PG19	-62.237671999999996	-58.633624	96.8	0.52
2013-07-17	PG19	-62.237671999999996	-58.633624	96.8	0.53
2013-07-24	PG19	-62.237671999999996	-58.633624	96.8	-0.05
2013-08-01	PG19	-62.237671999999996	-58.633624	96.8	0.05
2013-08-24	PG19	-62.237671999999996	-58.633624	96.8	0.72
2013-09-12	PG19	-62.237671999999996	-58.633624	96.8	-0.06
2013-09-27	PG19	-62.237671999999996	-58.633624	96.8	0.03
2013-10-10	PG19	-62.237671999999996	-58.633624	96.8	-0.27
2013-10-20	PG19	-62.237671999999996	-58.633624	96.8	-0.03
2013-10-27	PG19	-62.237671999999996	-58.633624	96.8	-0.02
2013-11-06	PG19	-62.237671999999996	-58.633624	96.8	-0.15
2013-11-26	PG19	-62.237671999999996	-58.633624	96.8	-0.06
2013-12-16	PG19	-62.237671999999996	-58.633624	96.8	0.11
2014-01-03	PG19	-62.237671999999996	-58.633624	96.8	-0.04
2014-01-21	PG19	-62.237671999999996	-58.633624	96.8	-0.45
2014-01-31	PG19	-62.237671999999996	-58.633624	96.8	0.06
2014-02-10	PG19	-62.237671999999996	-58.633624	96.8	0.39
2014-02-18	PG19	-62.237671999999996	-58.633624	96.8	-0.5
2014-02-28	PG19	-62.237671999999996	-58.633624	96.8	-0.18
2014-03-10	PG19	-62.237671999999996	-58.633624	96.8	-0.37
2014-03-23	PG19	-62.237671999999996	-58.633624	96.8	0.3
2014-04-09	PG19	-62.237671999999996	-58.633624	96.8	-0.06
2014-04-30	PG19	-62.237671999999996	-58.633624	96.8	0.07
2014-05-09	PG19	-62.237671999999996	-58.633624	96.8	0.05
2014-05-22	PG19	-62.237671999999996	-58.633624	96.8	0.31
2014-06-05	PG19	-62.237671999999996	-58.633624	96.8	0.61
2014-06-19	PG19	-62.237671999999996	-58.633624	96.8	0.04
2014-07-11	PG19	-62.237671999999996	-58.633624	96.8	0.0
2014-07-31	PG19	-62.237671999999996	-58.633624	96.8	0.02
2014-08-30	PG19	-62.237671999999996	-58.633624	96.8	0.25
2014-09-10	PG19	-62.237671999999996	-58.633624	96.8	-0.02
2014-09-29	PG19	-62.237671999999996	-58.633624	96.8	0.4
2014-10-31	PG19	-62.237671999999996	-58.633624	96.8	-0.08
2014-11-15	PG19	-62.237671999999996	-58.633624	96.8	0.15
2014-11-30	PG19	-62.237671999999996	-58.633624	96.8	0.12
2014-12-12	PG19	-62.237671999999996	-58.633624	96.8	-0.04
2014-12-30	PG19	-62.237671999999996	-58.633624	96.8	-0.15
2015-01-14	PG19	-62.237671999999996	-58.633624	96.8	-0.17
2015-01-26	PG19	-62.237671999999996	-58.633624	96.8	-0.34
2015-02-06	PG19	-62.237671999999996	-58.633624	96.8	-0.83
2015-02-24	PG19	-62.237671999999996	-58.633624	96.8	-0.51
2015-03-14	PG19	-62.237671999999996	-58.633624	96.8	-0.05
2015-03-29	PG19	-62.237671999999996	-58.633624	96.8	-0.28
2015-04-13	PG19	-62.237671999999996	-58.633624	96.8	-0.25
2015-05-02	PG19	-62.237671999999996	-58.633624	96.8	-0.15
2015-05-19	PG19	-62.237671999999996	-58.633624	96.8	0.06
2015-06-17	PG19	-62.237671999999996	-58.633624	96.8	0.57
2015-07-13	PG19	-62.237671999999996	-58.633624	96.8	0.4
2015-07-29	PG19	-62.237671999999996	-58.633624	96.8	0.0
2015-08-21	PG19	-62.237671999999996	-58.633624	96.8	-0.01
2015-09-14	PG19	-62.237671999999996	-58.633624	96.8	0.03
2015-10-08	PG19	-62.237671999999996	-58.633624	96.8	0.01
2015-10-27	PG19	-62.237671999999996	-58.633624	96.8	0.32
2015-11-19	PG19	-62.237671999999996	-58.633624	96.8	0.39
2015-12-01	PG19	-62.237671999999996	-58.633624	96.8	-0.32
2015-12-26	PG19	-62.237671999999996	-58.633624	96.8	-0.1
2016-01-04	PG19	-62.237671999999996	-58.633624	96.8	-0.55
2016-02-17	PG19	-62.237671999999996	-58.633624	96.8	-0.43
2016-02-25	PG19	-62.237671999999996	-58.633624	96.8	-0.2
2016-03-10	PG19	-62.237671999999996	-58.633624	96.8	-0.45
2016-04-08	PG19	-62.237671999999996	-58.633624	96.8	-0.48
2016-04-23	PG19	-62.237671999999996	-58.633624	96.8	0.51
