time	smb	accum	melt	MO	ronoff
1959-01-31	-0.5183636363636362	0.028545968	0.5469096045981753	0.014890143347435894	0.5320194612507394
1959-02-28	-0.2928181818181818	0.039271977	0.3320901586169546	0.020398538019125143	0.31169162059782946
1959-03-31	-0.2940227272727272	0.058433175	0.3524559023597023	0.030294506164159418	0.3221613961955429
1959-04-30	0.2245227272727273	0.035337575	0.0	0.017820354570521165	0.0
1959-05-31	0.3709318181818182	0.06678447	0.0	0.03385397227127409	0.0
1959-06-30	0.2847402597402598	0.049225986	0.0	0.024682332207844406	0.0
1959-07-31	0.385	0.08796593	0.0	0.04333671154896561	0.0
1959-08-31	0.4061363636363637	0.076615825	0.0	0.03763749892157414	0.0
1959-09-30	0.23552272727272727	0.047919203	0.0	0.02413885017659234	0.0
1959-10-31	0.15213636363636363	0.05764357	0.0	0.029396018720084273	0.0
1959-11-30	0.06804545454545455	0.03196259	0.0	0.016335657818120748	0.0
1959-12-31	-0.2695909090909091	0.017765671	0.28735658010569487	0.009210841151016877	0.278145738954678
1960-01-31	-0.4874318181818182	0.018037727	0.5054695452844555	0.00942076886303639	0.49604877642141915
1960-02-29	-0.5102045454545454	0.06727533	0.5774798758788542	0.035107128123483405	0.5423727477553708
1960-03-31	-0.5270454545454547	0.02843597	0.5554814242707059	0.014858735185720218	0.5406226890849857
1960-04-30	0.3443181818181818	0.06648551	0.0	0.03367647207071659	0.0
1960-05-31	0.22854545454545458	0.0382804	0.0	0.019291707022458596	0.0
1960-06-30	0.21971753246753253	0.04078258	0.0	0.02037351647598767	0.0
1960-07-31	0.22206818181818183	0.044453774	0.0	0.022147878944498284	0.0
1960-08-31	0.14100000000000001	0.052858785	0.0	0.026552454212043722	0.0
1960-09-30	0.40693181818181823	0.09197139	0.0	0.046821821677844926	0.0
1960-10-31	0.20423636363636366	0.051573038	0.0	0.026215785673158794	0.0
1960-11-30	0.2605909090909091	0.059969522	0.0	0.030678485232320224	0.0
1960-12-31	-0.05784090909090909	0.018811235	0.07665214429524811	0.009734792684198907	0.0669173516110492
1961-01-31	-0.566840909090909	0.04974609	0.6165869977745142	0.026015430038021807	0.5905715677364924
1961-02-28	-0.5055454545454545	0.055113982	0.5606594369546933	0.028755221269638302	0.5319042156850551
1961-03-31	-0.23268181818181813	0.047817446	0.2804992644732648	0.024749027516737264	0.25575023695652754
1961-04-30	0.08711363636363635	0.031860664	0.0	0.016228828360658133	0.0
1961-05-31	0.3316818181818182	0.06276001	0.0	0.03168130480483208	0.0
1961-06-30	0.4248766233766234	0.0821368	0.0	0.041094045777266136	0.0
1961-07-31	0.18804545454545457	0.034785673	0.0	0.01727297194884907	0.0
1961-08-31	0.20034090909090913	0.03883092	0.0	0.019415436220919974	0.0
1961-09-30	0.2375909090909091	0.04163037	0.0	0.021091148735422713	0.0
1961-10-31	0.23156818181818178	0.08162579	0.0	0.04174979422190462	0.0
1961-11-30	0.014590909090909083	0.050084203	0.03549329439076511	0.025762283118414706	0.009731011272350404
1961-12-31	-0.10770454545454546	0.06526246	0.1729670046730475	0.033821164775766833	0.13914583989728066
1962-01-31	-0.5673636363636364	0.008744114	0.5761077504422177	0.004574158291990902	0.5715335921502268
1962-02-28	-0.45411363636363633	0.021646129	0.4757597653310407	0.011313665926257377	0.4644460994047833
1962-03-31	-0.40865909090909086	0.04422711	0.4528861992684277	0.02292441525949424	0.4299617840089335
1962-04-30	0.04570454545454545	0.034616753	0.0	0.017818638281925248	0.0
1962-05-31	0.18936363636363637	0.03586063	0.0	0.018253700968372265	0.0
1962-06-30	0.5027954545454545	0.095734164	0.0	0.048510585385759274	0.0
1962-07-31	0.20880454545454546	0.04777099	0.0	0.02406385392463368	0.0
1962-08-31	0.1740681818181818	0.035046846	0.0	0.01771938585090272	0.0
1962-09-30	0.31622727272727275	0.07647131	0.0	0.0386886928467281	0.0
1962-10-31	-0.03163636363636364	0.056128874	0.08776523805748333	0.028858218738231637	0.0589070193192517
1962-11-30	-0.03809090909090908	0.02966489	0.06775579993155868	0.015224172132582838	0.05253162779897584
1962-12-31	-0.22625	0.023854801	0.25010480143129826	0.012368841122344567	0.2377359603089537
1963-01-31	-0.5103636363636365	0.01336406	0.52372769621421	0.006983249872505676	0.5167444463417044
1963-02-28	-0.4464318181818182	0.057029396	0.5034612144773657	0.02970838627545348	0.4737528282019122
1963-03-31	-0.2284772727272727	0.063373245	0.29185051802613515	0.032771720541075924	0.25907879748505924
1963-04-30	0.3432954545454545	0.0650757	0.0	0.03288741246867309	0.0
1963-05-31	0.2516136363636364	0.06380389	0.0	0.03261969635626942	0.0
1963-06-30	0.23767207792207792	0.040661376	0.0	0.020191253527588687	0.0
1963-07-31	0.20073636363636363	0.05170746	0.0	0.025820900966336335	0.0
1963-08-31	0.2460909090909091	0.047256686	0.0	0.023493497724995104	0.0
1963-09-30	0.1743863636363636	0.03785292	0.0	0.01898170381950221	0.0
1963-10-31	0.3429545454545455	0.06400875	0.0	0.032135758845447	0.0
1963-11-30	-0.03309090909090909	0.038845826	0.07193673503127965	0.020002716037747073	0.051934018993532574
1963-12-31	-0.5191818181818181	0.037991118	0.5571729358678513	0.01975029739690543	0.5374226384709458
1964-01-31	-0.545409090909091	0.07444356	0.6198526472774419	0.038847463161084415	0.5810051841163575
1964-02-29	-0.4724545454545454	0.05321695	0.5256714945598082	0.027746244248701958	0.49792525031110624
1964-03-31	-0.3344999999999999	0.0335068	0.36800679948925963	0.017324707259644752	0.3506820922296149
1964-04-30	0.36047727272727276	0.07750024	0.0	0.0392877988434603	0.0
1964-05-31	0.2276590909090909	0.047740664	0.0	0.02418843138328251	0.0
1964-06-30	0.14604545454545456	0.031026013	0.0	0.015367008469903123	0.0
1964-07-31	0.32818181818181824	0.062327545	0.0	0.031177747385840546	0.0
1964-08-31	0.4267348484848485	0.06219957	0.0	0.030266002966320503	0.0
1964-09-30	0.1713727272727273	0.051775094	0.0	0.026262899365482362	0.0
1964-10-31	-0.1726818181818182	0.06760388	0.2402856968587095	0.034848484271372895	0.2054372125873366
1964-11-30	-0.1299090909090909	0.04277354	0.1726826319721612	0.022074838521119668	0.15060779345104153
1964-12-31	-0.37913636363636366	0.012237121	0.3913734849874269	0.006346749968277148	0.38502673501914975
1965-01-31	-0.5853863636363636	0.021378988	0.6067653520364653	0.0111827205658605	0.5955826314706049
1965-02-28	-0.49490909090909097	0.019911908	0.5148209985223684	0.010379586227312151	0.5044414122950562
1965-03-31	-0.5920681818181818	0.0167988	0.608866981675679	0.008762688580816856	0.6001042930948621
1965-04-30	0.10138636363636365	0.034202944	0.0	0.01745050819845965	0.0
1965-05-31	0.3189318181818182	0.07201543	0.0	0.036637392671473416	0.0
1965-06-30	0.4543409090909091	0.090217814	0.0	0.04553150078777339	0.0
1965-07-31	0.3956363636363637	0.06897595	0.0	0.03433826091976914	0.0
1965-08-31	0.21174999999999997	0.03977347	0.0	0.019885399685101186	0.0
1965-09-30	0.3326818181818182	0.08426504	0.0	0.0427166274180581	0.0
1965-10-31	0.31277272727272726	0.073057525	0.0	0.03688289791306933	0.0
1965-11-30	0.05240909090909091	0.045021813	0.0	0.023173237570414694	0.0
1965-12-31	-0.12097727272727271	0.034098715	0.15507598731734534	0.017637576843985082	0.13743841047336025
1966-01-31	-0.5325681818181818	0.012933172	0.5455013541037386	0.00676123326805603	0.5387401208356826
1966-02-28	-0.3705	0.017325688	0.3878256881535053	0.008983846211933388	0.37884184194157194
1966-03-31	-0.29090909090909095	0.033685736	0.3245948272672567	0.01745270643081449	0.3071421208364422
1966-04-30	0.09713636363636363	0.04157034	0.0	0.021302528280143913	0.0
1966-05-31	0.37234090909090906	0.06392069	0.0	0.03246910445104384	0.0
1966-06-30	0.2591720779220779	0.0448561	0.0	0.02228796013778006	0.0
1966-07-31	0.28415909090909097	0.049611762	0.0	0.024575662422698145	0.0
1966-08-31	0.21594090909090904	0.048357602	0.0	0.024333205319989854	0.0
1966-09-30	0.1931	0.054573167	0.0	0.027469863429174072	0.0
1966-10-31	0.07868181818181817	0.042262495	0.0	0.02161597968039088	0.0
1966-11-30	0.09247727272727273	0.036561016	0.0	0.018784944757186207	0.0
1966-12-31	-0.3699772727272727	0.026440239	0.3964175113073804	0.013705978824400313	0.38271153248298007
1967-01-31	-0.5192954545454546	0.0031946693	0.5224901238070293	0.0016680728638682428	0.520822050943161
1967-02-28	-0.4238409090909091	0.026783554	0.45062446297434244	0.013952075092933702	0.4366723878814087
1967-03-31	-0.4061590909090908	0.03962075	0.4457798405614765	0.020617670736074702	0.42516216982540184
1967-04-30	0.2172272727272727	0.07843677	0.0	0.04031568104430932	0.0
1967-05-31	0.3535909090909091	0.06571605	0.0	0.03291869357805294	0.0
1967-06-30	0.4263409090909091	0.0631468	0.0	0.0316870106836307	0.0
1967-07-31	0.2087590909090909	0.05353575	0.0	0.02691376154660773	0.0
1967-08-31	0.20175909090909092	0.050833013	0.0	0.02560895774272642	0.0
1967-09-30	0.21656818181818183	0.047935467	0.0	0.024212136261024014	0.0
1967-10-31	0.11025000000000001	0.036198046	0.0	0.018448616541864554	0.0
1967-11-30	0.2096363636363636	0.0862352	0.0	0.044256925250152554	0.0
1967-12-31	-0.10220454545454548	0.033823952	0.13602849753336477	0.017530892354359433	0.11849760517900533
1968-01-31	-0.4922954545454546	0.014017153	0.5063126071454449	0.007329110414633732	0.49898349673081116
1968-02-29	-0.46972727272727277	0.02721902	0.49694629255749967	0.014191503202904186	0.4827547893545955
1968-03-31	-0.3448863636363636	0.030023914	0.3749102774668823	0.015579782866168767	0.35933049460071353
1968-04-30	-0.014704545454545458	0.022484893	0.037189438433809716	0.011559063233817972	0.025630375199991742
1968-05-31	0.20670454545454547	0.046487086	0.0	0.023738967634999646	0.0
1968-06-30	0.4691720779220779	0.07053327	0.0	0.03557844364318325	0.0
1968-07-31	0.398	0.087759875	0.0	0.04454008524805926	0.0
1968-08-31	0.3623863636363637	0.07129963	0.0	0.0357856856111407	0.0
1968-09-30	0.19730454545454545	0.0463803	0.0	0.023503312688311837	0.0
1968-10-31	0.2339090909090909	0.062090803	0.0	0.031782736059366934	0.0
1968-11-30	0.08202272727272726	0.070396625	0.0	0.03626236741526633	0.0
1968-12-31	-0.2812954545454546	0.026117474	0.3074129283861681	0.013542924542229905	0.29387000384393824
1969-01-31	-0.4859772727272728	0.018896231	0.5048735041550616	0.009853199678637738	0.49502030447642387
1969-02-28	-0.5304545454545455	0.024080843	0.5545353881879287	0.012594963358555412	0.5419404248293733
1969-03-31	-0.20329545454545456	0.04038841	0.24368386359377342	0.02087264012808861	0.2228112234656848
1969-04-30	0.28854545454545455	0.07423902	0.0	0.03805786408356379	0.0
1969-05-31	0.25875	0.05436057	0.0	0.027598205382907658	0.0
1969-06-30	0.3717402597402598	0.06610799	0.0	0.0327690700401226	0.0
1969-07-31	0.16004545454545452	0.03149982	0.0	0.015715412399213216	0.0
1969-08-31	0.29355454545454546	0.056647148	0.0	0.028447435544155162	0.0
1969-09-30	0.1994090909090909	0.061082963	0.0	0.031160714013067723	0.0
1969-10-31	0.3015	0.06710041	0.0	0.033911139359079974	0.0
1969-11-30	0.1255909090909091	0.05505791	0.0	0.028316926067798665	0.0
1969-12-31	-0.4056818181818182	0.025944829	0.4316266471689398	0.013479881931311019	0.4181467652376288
1970-01-31	-0.5105	0.0046208664	0.5151208663843572	0.0024136083978124057	0.5127072579865448
1970-02-28	-0.4550227272727272	0.021031529	0.47605425598404616	0.0109673881180541	0.46508686786599207
1970-03-31	-0.37161363636363637	0.032442443	0.40405607943643224	0.016827358496877217	0.387228720939555
1970-04-30	0.2611818181818181	0.06716653	0.0	0.034357854396474874	0.0
1970-05-31	0.21525	0.037155267	0.0	0.0187598394060393	0.0
1970-06-30	0.2835129870129871	0.04532586	0.0	0.022786170192411106	0.0
1970-07-31	0.3668863636363637	0.08143173	0.0	0.04134817172626009	0.0
1970-08-31	0.19052272727272734	0.03590104	0.0	0.01805261135120855	0.0
1970-09-30	0.19550000000000003	0.070706986	0.0	0.03638244997050381	0.0
1970-10-31	0.021318181818181823	0.03923185	0.017913669878786256	0.020181827186541892	0.0
1970-11-30	-0.02890909090909091	0.0355678	0.06447689235481349	0.01839337820740849	0.046083514147405
1970-12-31	-0.17463636363636365	0.025000717	0.19963708112727513	0.012974138919335815	0.1866629422079393
1971-01-31	-0.5088636363636364	0.027065497	0.5359291332553734	0.01413703414488583	0.5217920991104875
1971-02-28	-0.413409090909091	0.01890213	0.43231122133406735	0.009863892906224674	0.42244732842784266
1971-03-31	-0.4331136363636364	0.04224105	0.4753546881567349	0.02197320796267536	0.4533814801940595
1971-04-30	0.04163636363636364	0.054120008	0.012483644266020166	0.027843641218667187	0.0
1971-05-31	0.2341363636363637	0.044616193	0.0	0.02243083676853704	0.0
1971-06-30	0.1648863636363636	0.04260036	0.0	0.02173099560088901	0.0
1971-07-31	0.20245454545454544	0.043034457	0.0	0.021500098831222288	0.0
1971-08-31	0.45168181818181824	0.09645904	0.0	0.04850864066591161	0.0
1971-09-30	0.31143181818181825	0.057540946	0.0	0.029237155175502013	0.0
1971-10-31	0.026227272727272724	0.040884092	0.014656819722869183	0.020975474147721933	0.0
1971-11-30	-0.05406818181818182	0.04519994	0.09926812366192991	0.02334934170672376	0.07591878195520615
1971-12-31	-0.11154545454545456	0.015833514	0.12737896835668522	0.008207453162591846	0.11917151519409337
1972-01-31	-0.5605227272727272	0.02016815	0.5806908771165392	0.010544811607562111	0.5701460655089771
1972-02-29	-0.54975	0.020976424	0.5707264242172241	0.010964761271840302	0.5597616629453838
1972-03-31	-0.42243181818181824	0.05231337	0.47474518694931817	0.027237688229827983	0.4475074987194902
1972-04-30	-0.03622727272727273	0.08292715	0.11915442524173044	0.042769207332012234	0.0763852179097182
1972-05-31	0.2637272727272727	0.058021635	0.0	0.029599265770376203	0.0
1972-06-30	0.2940129870129871	0.048469406	0.0	0.024241784568290268	0.0
1972-07-31	0.18786363636363637	0.045389816	0.0	0.022740771014274304	0.0
1972-08-31	0.23534090909090907	0.050159942	0.0	0.02493430229184711	0.0
1972-09-30	0.18209999999999998	0.054549005	0.0	0.027752333212555262	0.0
1972-10-31	0.0325	0.02405243	0.0	0.012294720806207122	0.0
1972-11-30	-0.05327272727272727	0.036632255	0.08990498199246147	0.01889686761175732	0.07100811438070415
1972-12-31	-0.5593863636363636	0.039747708	0.5991340711821209	0.020713987977162694	0.5784200832049582
1973-01-31	-0.5093181818181819	0.011401371	0.5207195529172367	0.005950808449957738	0.5147687444672789
1973-02-28	-0.5109318181818181	0.030206904	0.5411387219970876	0.015815521137359883	0.5253232008597277
1973-03-31	-0.5770681818181819	0.02506534	0.6021335219199008	0.013096665746004118	0.5890368561738967
1973-04-30	-0.14163636363636364	0.06095365	0.2025900142599236	0.03145301186609028	0.1711370023938333
1973-05-31	0.39330681818181806	0.11336912	0.0	0.05782044679971698	0.0
1973-06-30	0.42826298701298704	0.061495785	0.0	0.03073012476756405	0.0
1973-07-31	0.09854545454545453	0.020119917	0.0	0.010048977668898304	0.0
1973-08-31	0.3950909090909091	0.07888566	0.0	0.0397308426628319	0.0
1973-09-30	0.3285909090909091	0.07654785	0.0	0.03884856288089102	0.0
1973-10-31	0.039999999999999994	0.041942522	0.0019425219297409119	0.021600041065486807	0.0
1973-11-30	-0.06070454545454547	0.03422263	0.09492717437581584	0.017696281372188684	0.07723089300362715
1973-12-31	-0.4157954545454545	0.023891503	0.4396869575367732	0.012455819499427664	0.4272311380373456
1974-01-31	-0.5055681818181819	0.013406714	0.5189748962426728	0.007031642303068694	0.511943253939604
1974-02-28	-0.6281818181818181	0.021053053	0.6492348716204815	0.011098516208163682	0.6381363554123178
1974-03-31	-0.5502272727272728	0.015697042	0.5659243142537096	0.008237229765038472	0.5576870844886711
1974-04-30	-0.019818181818181832	0.06886402	0.08868219954317268	0.0354994237500511	0.05318277579312158
1974-05-31	0.3199318181818182	0.059129864	0.0	0.030101311429620446	0.0
1974-06-30	0.21772727272727277	0.040050812	0.0	0.0199302602490521	0.0
1974-07-31	0.37699999999999995	0.06699566	0.0	0.03364114674062062	0.0
1974-08-31	0.35595454545454547	0.05838266	0.0	0.02909460236524766	0.0
1974-09-30	0.29168181818181815	0.063973695	0.0	0.03206942003222185	0.0
1974-10-31	0.22979545454545455	0.092709996	0.0	0.047778047634882345	0.0
1974-11-30	-0.04047727272727272	0.039031375	0.07950864792682907	0.020167198842916522	0.05934144908391255
1974-12-31	-0.5927954545454546	0.024140453	0.6169359075115486	0.012597300180631151	0.6043386073309175
1975-01-31	-0.50325	0.030274056	0.5335240558981895	0.015850342842037877	0.5176737130561516
1975-02-28	-0.5288409090909091	0.019815885	0.5486567936214534	0.010359940903345426	0.5382968527181079
1975-03-31	-0.5372500000000001	0.050295442	0.5875454423427583	0.02623186046013024	0.561313581882628
1975-04-30	-0.17993181818181817	0.051189758	0.2311215760653669	0.026423896133385978	0.20469767993198093
1975-05-31	0.3650681818181818	0.076390184	0.0	0.038545116147497435	0.0
1975-06-30	0.13870454545454544	0.032350127	0.0	0.015869252607916932	0.0
1975-07-31	0.27715909090909085	0.05184662	0.0	0.025019778840783234	0.0
1975-08-31	0.3268636363636364	0.044428945	0.0	0.02178104485472625	0.0
1975-09-30	0.33352272727272725	0.060774844	0.0	0.030479862336425228	0.0
1975-10-31	0.050931818181818175	0.055239853	0.004308034336025071	0.0283934825274987	0.0
1975-11-30	0.13050000000000003	0.043288935	0.0	0.02230478195807013	0.0
1975-12-31	-0.4356818181818181	0.0356515	0.47133331944996654	0.018542039252587638	0.4527912801973789
1976-01-31	-0.4991818181818182	0.01464825	0.5138300684859807	0.0076405352084825615	0.5061895332774982
1976-02-29	-0.539340909090909	0.018857371	0.5581982801529494	0.009876502818050428	0.548321777334899
1976-03-31	-0.4685909090909091	0.025407488	0.4939983966174451	0.013244311495728802	0.4807540851217163
1976-04-30	-0.4276818181818181	0.038029924	0.46571174221689043	0.019812483877754493	0.44589925833913596
1976-05-31	0.23640909090909085	0.064780466	0.0	0.03315655725315939	0.0
1976-06-30	0.12945454545454543	0.033293717	0.0	0.01693953815718135	0.0
1976-07-31	0.41918181818181816	0.059844222	0.0	0.028493221417716846	0.0
1976-08-31	0.3066363636363637	0.044646937	0.0	0.021880043854002686	0.0
1976-09-30	0.2959545454545454	0.06184691	0.0	0.0312382802204947	0.0
1976-10-31	0.04895454545454545	0.054220136	0.005265590800480412	0.027729205654054664	0.0
1976-11-30	-0.2614772727272727	0.044159062	0.3056363349340179	0.022847417898326155	0.2827889170356917
1976-12-31	-0.3163409090909091	0.05575335	0.37209425934878265	0.02893514283906433	0.3431591165097183
1977-01-31	-0.518340909090909	0.0330737	0.5514146100553599	0.0172637357494782	0.5341508743058817
1977-02-28	-0.5343181818181818	0.019363618	0.5536817993426865	0.010113698451337578	0.5435681008913489
1977-03-31	-0.4174545454545454	0.0259751	0.4434296461506323	0.013506812460095224	0.4299228336905371
1977-04-30	-0.2786590909090909	0.05166155	0.33032064190777866	0.02681516935803305	0.3035054725497456
1977-05-31	0.3247954545454545	0.09451576	0.0	0.04822100837072267	0.0
1977-06-30	0.2935909090909092	0.04596706	0.0	0.022935543382245717	0.0
1977-07-31	0.11186363636363637	0.02264049	0.0	0.01099535837414724	0.0
1977-08-31	0.18291818181818184	0.05319957	0.0	0.02666413791242994	0.0
1977-09-30	0.23570454545454547	0.06935624	0.0	0.03485844482465432	0.0
1977-10-31	0.11845454545454542	0.04458613	0.0	0.022712927286874983	0.0
1977-11-30	-0.19245454545454546	0.032284047	0.22473859290914103	0.01667381568414931	0.20806477722499173
1977-12-31	-0.4580681818181818	0.013395248	0.4714634297991341	0.00697455163165706	0.464488878167477
1978-01-31	-0.5275	0.017978182	0.5454781820625066	0.009400302870685212	0.5360778791918215
1978-02-28	-0.5321590909090909	0.011157668	0.5433167591047557	0.005840204541208435	0.5374765545635473
1978-03-31	-0.36722727272727274	0.035543524	0.40277079645612024	0.018473293652958064	0.38429750280316216
1978-04-30	-0.17561363636363636	0.023249986	0.19886362201381813	0.011991959918698822	0.1868716620951193
1978-05-31	-0.2236590909090909	0.012855591	0.23651468216153707	0.006646954662703316	0.22986772749883375
1978-06-30	0.43875	0.10682202	0.0	0.054452508930364865	0.0
1978-07-31	0.08845454545454545	0.020391539	0.0	0.009816826745071897	0.0
1978-08-31	0.4959772727272727	0.060929246	0.0	0.02998710742209748	0.0
1978-09-30	0.18552272727272728	0.04738898	0.0	0.024111174993968153	0.0
1978-10-31	0.09836363636363638	0.052369688	0.0	0.026871715935041764	0.0
1978-11-30	-0.0006136363636363626	0.02026946	0.020883095477115022	0.010424178867973345	0.010458916609141677
1978-12-31	-0.40931818181818175	0.06684539	0.47616356903856444	0.034802181633571405	0.44136138740499303
1979-01-31	-0.528659090909091	0.01619119	0.5448502810177479	0.00847659122569827	0.5363736897920497
1979-02-28	-0.5526136363636364	0.024779474	0.5773931107263673	0.012967467907019099	0.5644256428193483
1979-03-31	-0.5740454545454546	0.029579116	0.6036245705769822	0.015440464579429077	0.5881841059975531
1979-04-30	-0.4077954545454545	0.074246265	0.48204171953959896	0.038576794880825535	0.4434649246587734
1979-05-31	0.16334090909090906	0.04034961	0.0	0.0206366308554892	0.0
1979-06-30	0.4689675324675325	0.060262494	0.0	0.03055357843442259	0.0
1979-07-31	0.3428636363636363	0.0869367	0.0	0.04431023873710342	0.0
1979-08-31	0.24179545454545456	0.04927986	0.0	0.0248394782480517	0.0
1979-09-30	0.2739318181818182	0.059496894	0.0	0.030387184313468346	0.0
1979-10-31	0.14375000000000002	0.061431274	0.0	0.031507989971454355	0.0
1979-11-30	-0.10945454545454546	0.048890777	0.158345322386785	0.025212798738580938	0.13313252364820408
1979-12-31	-0.46309090909090905	0.024544759	0.48763566781309514	0.012782269950204985	0.47485339786289016
1980-01-31	-0.5430454545454546	0.014164445	0.5572098995359107	0.0074028530171981214	0.5498070465187126
1980-02-29	-0.5550454545454545	0.030067611	0.5851130660311742	0.015722831150005903	0.5693902348811682
1980-03-31	-0.40556818181818177	0.034236554	0.4398047358745878	0.017735043596423868	0.42206969227816393
1980-04-30	0.34115909090909097	0.057351764	0.0	0.028975067229489546	0.0
1980-05-31	0.34465909090909086	0.07250875	0.0	0.03691324385179947	0.0
1980-06-30	0.40897727272727274	0.062413845	0.0	0.031205304851260815	0.0
1980-07-31	0.37174999999999997	0.06191075	0.0	0.030089688521102602	0.0
1980-08-31	0.243	0.052330375	0.0	0.025682587964616407	0.0
1980-09-30	0.3192727272727272	0.078299485	0.0	0.03926080024253943	0.0
1980-10-31	0.14970454545454545	0.055937517	0.0	0.028554007083680277	0.0
1980-11-30	0.2064318181818182	0.07918008	0.0	0.04063496179649159	0.0
1980-12-31	-0.5059318181818182	0.011187159	0.5171189776381309	0.005826036268791989	0.5112929413693389
1981-01-31	-0.5373409090909091	0.037756704	0.5750976128849117	0.019708799602320477	0.5553888132825912
1981-02-28	-0.530590909090909	0.013607524	0.5441984334262934	0.007117835067710007	0.5370805983585833
1981-03-31	-0.3523636363636364	0.03154072	0.38390435801852835	0.016387755815682675	0.36751660220284565
1981-04-30	-0.30118181818181816	0.06766017	0.36884198599511925	0.0350369006245011	0.33380508537061815
1981-05-31	0.3438409090909091	0.06444716	0.0	0.03276476082225459	0.0
1981-06-30	0.18469480519480522	0.029395308	0.0	0.01496357573302807	0.0
1981-07-31	0.25587272727272725	0.052486725	0.0	0.026666683754843126	0.0
1981-08-31	0.39855303030303024	0.06508039	0.0	0.03209768402024671	0.0
1981-09-30	0.22402272727272726	0.03972843	0.0	0.020078709862158067	0.0
1981-10-31	0.3075454545454545	0.059712958	0.0	0.030318719235646184	0.0
1981-11-30	-0.21527272727272725	0.05394205	0.26921477805755356	0.02784750051969151	0.24136727753786205
1981-12-31	-0.4657045454545454	0.045900717	0.5116052628322081	0.02390945354582784	0.48769580928638023
1982-01-31	-0.5621363636363637	0.007989692	0.5701260552067648	0.004194302854313642	0.5659317523524512
1982-02-28	-0.5432727272727274	0.016124627	0.5593973538943313	0.008454265811203088	0.5509430880831282
1982-03-31	-0.4967727272727273	0.041564047	0.5383367746093057	0.02170837931924129	0.5166283952900644
1982-04-30	-0.4350454545454545	0.052733235	0.4877786896066232	0.027456904459042922	0.46032178514758026
1982-05-31	-0.17679545454545456	0.06952656	0.24632201515002686	0.035998235401331784	0.21032377974869507
1982-06-30	0.05705844155844155	0.032498375	0.0	0.016665401396350962	0.0
1982-07-31	0.36586363636363634	0.062933415	0.0	0.03156837920429702	0.0
1982-08-31	0.2070681818181818	0.035770103	0.0	0.018087419069442418	0.0
1982-09-30	0.31224999999999997	0.057681512	0.0	0.02929562278758777	0.0
1982-10-31	0.21340909090909088	0.06931794	0.0	0.03536374023753065	0.0
1982-11-30	0.09609090909090909	0.032255717	0.0	0.016575445419035925	0.0
1982-12-31	-0.5599318181818181	0.049612857	0.6095446755831891	0.025847537823381138	0.583697137759808
1983-01-31	-0.5624772727272728	0.026042648	0.5885199203870514	0.01361422926264233	0.574905691124409
1983-02-28	-0.48959090909090913	0.012106715	0.5016976238611071	0.006324317769109667	0.49537330609199737
1983-03-31	-0.4425454545454546	0.06855648	0.5111019346551462	0.035725706619506234	0.47537622803563995
1983-04-30	-0.21525	0.031773817	0.24702381679415703	0.016438548962704785	0.23058526783145225
1983-05-31	0.28620454545454543	0.07116199	0.0	0.03634351619293773	0.0
1983-06-30	0.24487662337662333	0.036637817	0.0	0.01848888096838309	0.0
1983-07-31	0.34559090909090906	0.057596892	0.0	0.029164531651059724	0.0
1983-08-31	0.09745454545454545	0.049572106	0.0	0.02545350886618309	0.0
1983-09-30	0.3639545454545454	0.09297221	0.0	0.04757216595902581	0.0
1983-10-31	0.041477272727272724	0.049184386	0.0077071129598400845	0.0252654832954256	0.0
1983-11-30	-0.34086363636363637	0.056489393	0.39735302947868	0.02927787073214196	0.36807515874653807
1983-12-31	-0.4997499999999999	0.020308832	0.520058831706643	0.010589090767258617	0.5094697409393844
1984-01-31	-0.4816363636363636	0.049247302	0.5308836657513272	0.02570825719298369	0.5051754085583435
1984-02-29	-0.5066363636363637	0.023927711	0.5305640745867383	0.01252347901748447	0.5180405955692537
1984-03-31	-0.4666590909090909	0.018024256	0.48468334736200896	0.009396413369374867	0.4752869339926341
1984-04-30	0.0996590909090909	0.067849405	0.0	0.03484683216645548	0.0
1984-05-31	0.19220454545454546	0.053878736	0.0	0.02687887094178838	0.0
1984-06-30	0.3168311688311688	0.05452546	0.0	0.027577270050841957	0.0
1984-07-31	0.1293181818181818	0.03259492	0.0	0.01655207340083896	0.0
1984-08-31	0.2487136363636364	0.055668827	0.0	0.028306520154081506	0.0
1984-09-30	-0.05602272727272728	0.05081307	0.10683579870245674	0.02623307814893198	0.08060272055352476
1984-10-31	0.24574999999999997	0.07100852	0.0	0.036279110151362336	0.0
1984-11-30	-0.015522727272727278	0.07522756	0.09075028588555076	0.038924239015497616	0.05182604687005314
1984-12-31	-0.5119772727272728	0.013640016	0.5256172890446403	0.007115747932346325	0.518501541112294
1985-01-31	-0.5716590909090908	0.04872985	0.6203889427510174	0.025562906512957728	0.5948260362380597
1985-02-28	-0.551	0.042601414	0.5936014140248299	0.02230951584947169	0.5712918981753582
1985-03-31	-0.22872727272727272	0.053608123	0.2823353959403255	0.027737931673339353	0.2545974642669861
1985-04-30	-0.21093181818181816	0.07208053	0.2830123484080488	0.03733475946103489	0.2456775889470139
1985-05-31	0.3666590909090909	0.062210903	0.0	0.03152719637066304	0.0
1985-06-30	0.23280844155844155	0.039349888	0.0	0.01991155388435695	0.0
1985-07-31	0.2027727272727273	0.0662879	0.0	0.033968649080252815	0.0
1985-08-31	0.19227272727272726	0.07511992	0.0	0.03840595299472392	0.0
1985-09-30	0.18204545454545454	0.11892394	0.0	0.06133436017233535	0.0
1985-10-31	0.07881818181818182	0.058592863	0.0	0.030163208343867494	0.0
1985-11-30	-0.042522727272727275	0.0451429	0.08766562747142531	0.023375504501135288	0.06429012297029002
1985-12-31	-0.42965909090909093	0.048807118	0.4784662089970979	0.025426875826658254	0.45303933317043965
1986-01-31	-0.5179772727272728	0.057210006	0.5751872785470703	0.029908546458793126	0.5452787320882772
1986-02-28	-0.45299999999999996	0.027892584	0.4808925839811563	0.0145750016232603	0.466317582357896
1986-03-31	-0.48161363636363635	0.04937796	0.5309915955852378	0.025779535612128045	0.5052120599731097
1986-04-30	0.08309090909090909	0.08023053	0.0	0.041268403196030846	0.0
1986-05-31	0.3370909090909091	0.06054687	0.0	0.030424466535693234	0.0
1986-06-30	0.48231818181818187	0.0937776	0.0	0.04698385335124725	0.0
1986-07-31	0.3673863636363637	0.06622548	0.0	0.03308715875636084	0.0
1986-08-31	0.31965909090909095	0.07756283	0.0	0.038653768563762285	0.0
1986-09-30	0.28052272727272726	0.05903201	0.0	0.029701231724372584	0.0
1986-10-31	0.03513636363636363	0.040255133	0.005118769426237457	0.020638691899464757	0.0
1986-11-30	0.15627272727272726	0.04946687	0.0	0.025415730153304512	0.0
1986-12-31	-0.34920454545454543	0.034536306	0.3837408512695269	0.017960917804386998	0.3657799334651399
1987-01-31	-0.5509545454545455	0.024180045	0.5751345908059315	0.012616131761959573	0.562518459043972
1987-02-28	-0.5462954545454545	0.031162806	0.5774582604007287	0.016264913453961548	0.5611933469467671
1987-03-31	-0.47731818181818186	0.054580275	0.5318984567875212	0.02838903642460545	0.5035094203629158
1987-04-30	0.2894999999999999	0.06723377	0.0	0.03439063007447881	0.0
1987-05-31	0.3672954545454546	0.08644338	0.0	0.043521596922381986	0.0
1987-06-30	0.27226298701298707	0.049126357	0.0	0.024458210801457807	0.0
1987-07-31	0.2530454545454546	0.048586093	0.0	0.02335918110391368	0.0
1987-08-31	0.22972727272727267	0.042218354	0.0	0.021357425253993603	0.0
1987-09-30	0.20322727272727278	0.055507228	0.0	0.02783739521278222	0.0
1987-10-31	0.10502272727272728	0.056479875	0.0	0.02893672420496561	0.0
1987-11-30	-0.34265909090909086	0.06262923	0.4052883212295445	0.032486345713163466	0.37280197551638106
1987-12-31	-0.4874772727272727	0.030110464	0.5175877362272956	0.01571063027425069	0.5018771059530449
1988-01-31	-0.49124999999999996	0.015374656	0.5066246558353305	0.008021069429955617	0.49860358640537483
1988-02-29	-0.5763863636363638	0.0067713764	0.5831577399928463	0.0035542293416073478	0.5796035106512389
1988-03-31	-0.4042954545454545	0.038054902	0.442350356651978	0.019806865960100065	0.42254349069187797
1988-04-30	-0.24379545454545457	0.03628786	0.2800833136276766	0.018767077131222467	0.26131623649645414
1988-05-31	-0.06425	0.03715214	0.10140214133262634	0.019142174874984156	0.08225996645764219
1988-06-30	0.48303571428571423	0.12566736	0.0	0.06293917187610687	0.0
1988-07-31	0.3744772727272728	0.06216835	0.0	0.03151130053971752	0.0
1988-08-31	0.09831818181818185	0.018279104	0.0	0.009037050709549816	0.0
1988-09-30	0.2979545454545454	0.0869995	0.0	0.044340380372543106	0.0
1988-10-31	0.15361363636363637	0.04474136	0.0	0.022846715689404867	0.0
1988-11-30	0.05940909090909092	0.057704896	0.0	0.029709086730151556	0.0
1988-12-31	-0.3004318181818182	0.030359935	0.3307917531972582	0.01575789660272811	0.3150338565945301
1989-01-31	-0.4885	0.0020511972	0.49055119722522794	0.0010729207050835482	0.4894782765201444
1989-02-28	-0.6699166666666666	0.005188661	0.6751053278284768	0.002727018478280842	0.6723783093501959
1989-03-31	-0.5953636363636364	0.020573141	0.6159367774169554	0.010794125122383688	0.6051426522945718
1989-04-30	0.2335	0.05048589	0.0	0.025543887584421367	0.0
1989-05-31	-0.1992727272727272	0.05578835	0.2550610766329548	0.02883281863167033	0.22622825800128446
1989-06-30	0.3163181818181818	0.09907881	0.0	0.051027393930570625	0.0
1989-07-31	-0.151	0.05255418	0.2035541789829731	0.027226455572331977	0.17632772341064112
1989-08-31	0.22822727272727272	0.06291323	0.0	0.032305606808486396	0.0
1989-09-30	0.23045454545454547	0.076254286	0.0	0.03890619132903305	0.0
1989-10-31	-0.02631818181818182	0.08013466	0.10645284182375128	0.0413659880990723	0.06508685372467898
1989-11-30	-0.18959090909090914	0.05825919	0.24785009821978488	0.03016760281128921	0.21768249540849566
1989-12-31	-0.42590909090909085	0.032860808	0.4587698989835652	0.01710901446596709	0.4416608845175981
1990-01-31	-0.5360454545454545	0.030225541	0.5662709959880872	0.015829342328495147	0.550441653659592
1990-02-28	-0.6870530303030302	0.007129129	0.6941821593253901	0.0037554223597793084	0.6904267369656107
1990-03-31	-0.5931590909090909	0.043579277	0.6367383675602349	0.022761542887711525	0.6139768246725235
1990-04-30	0.2568636363636364	0.05239276	0.0	0.02649105851730078	0.0
1990-05-31	0.24673636363636364	0.050116777	0.0	0.025301507938047866	0.0
1990-06-30	0.4193181818181818	0.0676037	0.0	0.03429420275914717	0.0
1990-07-31	0.45259090909090904	0.09855173	0.0	0.049697415190463855	0.0
1990-08-31	0.32643181818181816	0.074863315	0.0	0.03773211022823973	0.0
1990-09-30	0.07388636363636363	0.033938397	0.0	0.01733227298217736	0.0
1990-10-31	0.19511363636363635	0.07452139	0.0	0.038310465567362145	0.0
1990-11-30	-0.18527272727272728	0.06038105	0.24565377842567185	0.03121815615512871	0.21443562227054314
1990-12-31	-0.41786363636363627	0.027465329	0.4453289649378169	0.014278694733028313	0.4310502702047886
1991-01-31	-0.5992045454545455	0.023000307	0.6222048528356986	0.012085666671671713	0.6101191861640269
1991-02-28	-0.5112954545454544	0.049231265	0.5605267192856831	0.02571185370141554	0.5348148655842676
1991-03-31	-0.42586363636363633	0.0591965	0.4850601346086372	0.030709586276520442	0.45435054833211674
1991-04-30	0.12554545454545452	0.05587829	0.0	0.02863915474034982	0.0
1991-05-31	0.34940909090909095	0.06274689	0.0	0.031168233756776076	0.0
1991-06-30	0.428474025974026	0.086247064	0.0	0.042346534712225735	0.0
1991-07-31	0.39336363636363636	0.0760818	0.0	0.03827536635541773	0.0
1991-08-31	0.4134318181818182	0.09653707	0.0	0.0482723586470847	0.0
1991-09-30	0.10165909090909091	0.046108756	0.0	0.023558580846070747	0.0
1991-10-31	0.20172727272727276	0.060248915	0.0	0.030728742126599602	0.0
1991-11-30	-0.19906818181818184	0.05025013	0.24931831345503982	0.0259633575054116	0.22335495594962823
1991-12-31	-0.17745454545454545	0.02061322	0.19806776504354043	0.010693739754150226	0.1873740252893902
1992-01-31	-0.6021363636363636	0.03566051	0.6377968726564537	0.018661138042786955	0.6191357346136668
1992-02-29	-0.4669772727272727	0.029060109	0.4960373813144185	0.015159702143867292	0.4808776791705512
1992-03-31	-0.24704545454545454	0.046398725	0.2934441799060865	0.02393122158631947	0.269512958319767
1992-04-30	-0.11636363636363635	0.058121685	0.17448532130230554	0.02999635675073545	0.1444889645515701
1992-05-31	0.26175	0.04444869	0.0	0.02199033451615351	0.0
1992-06-30	0.17517207792207792	0.035174116	0.0	0.01740689218785892	0.0
1992-07-31	0.29369090909090906	0.05590402	0.0	0.027844584885238756	0.0
1992-08-31	0.3855227272727273	0.05920391	0.0	0.03002121217989206	0.0
1992-09-30	0.1695909090909091	0.07901025	0.0	0.04054213494979252	0.0
1992-10-31	0.31713636363636355	0.10260153	0.0	0.05249456893090333	0.0
1992-11-30	-0.2919090909090909	0.01643548	0.3083445706543597	0.008508467228332348	0.29983610342602734
1992-12-31	-0.5899545454545455	0.019819396	0.6097739410711961	0.010371852215752798	0.5994020888554433
1993-01-31	-0.5489999999999999	0.032942876	0.5819428762197494	0.017211715337228026	0.5647311608825214
1993-02-28	-0.5630227272727274	0.0073397476	0.5703624748953365	0.0038485668005122315	0.5665139080948243
1993-03-31	-0.40597727272727274	0.047257356	0.4532346290729263	0.02459035515638245	0.4286442739165438
1993-04-30	-0.1702727272727273	0.06911638	0.23938910361311655	0.03575988474687791	0.20362921886623864
1993-05-31	0.17602272727272728	0.06003841	0.0	0.030803017189083192	0.0
1993-06-30	0.36789935064935064	0.06454874	0.0	0.032833636572676385	0.0
1993-07-31	0.24211363636363642	0.057220947	0.0	0.0292298654397546	0.0
1993-08-31	0.32534090909090907	0.06659379	0.0	0.033937147815776704	0.0
1993-09-30	0.3564090909090909	0.09584808	0.0	0.04881375041307881	0.0
1993-10-31	0.04256818181818183	0.04386652	0.0012983370667154007	0.02252970584008313	0.0
1993-11-30	-0.3064318181818182	0.05381417	0.36024598720127887	0.027873063229985874	0.332372923971293
1993-12-31	-0.42100000000000004	0.048758686	0.4697586855888367	0.025377106420281143	0.4443815791685556
1994-01-31	-0.5841818181818182	0.030195594	0.6143774120157416	0.015807279616598873	0.5985701323991427
1994-02-28	-0.5672727272727273	0.03334191	0.6006146379627965	0.01745081073551803	0.5831638272272784
1994-03-31	-0.5010909090909091	0.022185972	0.5232768810513345	0.011573665786078333	0.5117032152652562
1994-04-30	-0.1441590909090909	0.06658039	0.2107394833293828	0.03435153407328936	0.17638794925609344
1994-05-31	0.06345454545454544	0.031856913	0.0	0.016127311476628	0.0
1994-06-30	0.43078571428571427	0.07677099	0.0	0.03899585224042386	0.0
1994-07-31	0.3180757575757576	0.05636305	0.0	0.027461160830827693	0.0
1994-08-31	0.33140909090909093	0.080972515	0.0	0.04121558170953085	0.0
1994-09-30	0.21445454545454545	0.08951141	0.0	0.0457219317416888	0.0
1994-10-31	0.2657272727272728	0.057704214	0.0	0.02897009654470894	0.0
1994-11-30	-0.2869772727272727	0.04137485	0.3283521237454631	0.02144383887374886	0.30690828487171423
1994-12-31	-0.48670454545454545	0.006924145	0.4936286903782324	0.003604880682126818	0.4900238096961056
1995-01-31	-0.5619090909090909	0.0021540546	0.5640631454949352	0.0011312062633222124	0.562931939231613
1995-02-28	-0.5796818181818183	0.00716359	0.5868454080020841	0.0037602897100357854	0.5830851182920482
1995-03-31	-0.45484090909090913	0.06324966	0.5180905716094104	0.03290705808005245	0.48518351352935796
1995-04-30	-0.03713636363636363	0.10116766	0.13830402011762966	0.052149392043879576	0.08615462807375007
1995-05-31	0.06263636363636364	0.040207356	0.0	0.020621267038710075	0.0
1995-06-30	0.402512987012987	0.06748724	0.0	0.03364455562024901	0.0
1995-07-31	0.38084090909090906	0.08795573	0.0	0.04255575638155597	0.0
1995-08-31	0.45953030303030307	0.05787126	0.0	0.02821677049815348	0.0
1995-09-30	0.29165909090909087	0.058693077	0.0	0.029390952322438074	0.0
1995-10-31	0.03972727272727273	0.045535233	0.00580796014449813	0.023418551725451275	0.0
1995-11-30	0.11672727272727271	0.057583302	0.0	0.029683355241068507	0.0
1995-12-31	-0.4785454545454545	0.016338665	0.49488411958380174	0.008523754219296064	0.48636036536450566
1996-01-31	-0.5384545454545455	0.015963985	0.5544185301078992	0.00835375481933146	0.5460647752885678
1996-02-29	-0.5452954545454547	0.015640661	0.5609361156658694	0.008211667686613978	0.5527244479792555
1996-03-31	-0.57425	0.024213143	0.5984631426930428	0.012645518982288063	0.5858176237107547
1996-04-30	-0.11440909090909092	0.034559794	0.14896888467940417	0.01780420502674954	0.13116467965265463
1996-05-31	0.23959090909090908	0.07323021	0.0	0.037411018308762804	0.0
1996-06-30	0.4642175324675325	0.07939388	0.0	0.04011272368455146	0.0
1996-07-31	0.2912954545454545	0.09101553	0.0	0.0463971047181197	0.0
1996-08-31	0.2787272727272727	0.059725568	0.0	0.030424354466132484	0.0
1996-09-30	0.03138636363636363	0.0906804	0.05929403441060674	0.046723418687397204	0.012570615723209534
1996-10-31	0.04624999999999999	0.06483279	0.018582791686058052	0.03338557833353334	0.0
1996-11-30	-0.14643181818181816	0.062036563	0.2084683808928186	0.03210330678198135	0.17636507411083724
1996-12-31	-0.4594545454545455	0.03459749	0.4940520354373889	0.01803052335310168	0.4760215120842872
1997-01-31	-0.5374772727272727	0.015824659	0.553301931523464	0.008311914731584326	0.5449900167918796
1997-02-28	-0.5446818181818183	0.009695139	0.5543769569640811	0.005080410295807437	0.5492965466682737
1997-03-31	-0.48479545454545453	0.014897703	0.49969315773858264	0.007793295179514545	0.4918998625590681
1997-04-30	0.054318181818181814	0.079196155	0.02487797325307673	0.04077697630271097	0.0
1997-05-31	0.0275	0.04497108	0.017471078634262085	0.023160566632952646	0.0
1997-06-30	0.4454675324675325	0.07212323	0.0	0.036395421650760575	0.0
1997-07-31	0.38227272727272726	0.0645694	0.0	0.03245179894931619	0.0
1997-08-31	0.3108636363636363	0.075252734	0.0	0.03792137635977708	0.0
1997-09-30	0.2401590909090909	0.041793134	0.0	0.02076294348490699	0.0
1997-10-31	0.243	0.0585231	0.0	0.029882854348018056	0.0
1997-11-30	0.18806818181818186	0.051981922	0.0	0.026677614201969384	0.0
1997-12-31	-0.458340909090909	0.00942729	0.4677681995007124	0.0048999073693768	0.4628682921313356
1998-01-31	-0.5662045454545455	0.010890097	0.5770946428118782	0.005706594532628477	0.5713880482792497
1998-02-28	-0.5467727272727273	0.005229028	0.5520017552145503	0.00274145455978975	0.5492603006547605
1998-03-31	-0.5134545454545454	0.04517891	0.5586334543092684	0.0236151236705972	0.5350183306386712
1998-04-30	-0.5087727272727273	0.024290456	0.5330631827779791	0.012686534311933423	0.5203766484660457
1998-05-31	-0.09486363636363637	0.01695973	0.11182336689938199	0.008745663627428714	0.10307770327195329
1998-06-30	0.007340909090909092	0.061894238	0.05455332890423861	0.03197873331391379	0.02257459559032482
1998-07-31	0.45411363636363633	0.12136158	0.0	0.06142580622540965	0.0
1998-08-31	0.3793863636363637	0.07584714	0.0	0.03804157841450559	0.0
1998-09-30	0.2746818181818182	0.066854715	0.0	0.03336579098510803	0.0
1998-10-31	0.23045454545454544	0.08884952	0.0	0.0456227649302304	0.0
1998-11-30	-0.11238636363636365	0.054872803	0.16725916702638974	0.02839467204632555	0.1388644949800642
1998-12-31	-0.4933181818181817	0.037022013	0.5303401950353925	0.01928287474147685	0.5110573202939157
1999-01-31	-0.5670681818181819	0.012437759	0.5795059407854622	0.006518028337788106	0.5729879124476741
1999-02-28	-0.5655	0.013618228	0.5791182280257344	0.007141072823490651	0.5719771552022438
1999-03-31	-0.5674772727272729	0.013606633	0.5810839057869533	0.007125600599984598	0.5739583051869688
1999-04-30	-0.4592272727272727	0.040127072	0.49935434521057387	0.020945591650501593	0.4784087535600723
1999-05-31	-0.1676363636363636	0.030883966	0.1985203296501528	0.015982017557887397	0.1825383120922654
1999-06-30	0.3766493506493507	0.08270473	0.0	0.0422544584306206	0.0
1999-07-31	0.3804090909090909	0.110090286	0.0	0.05613030224878979	0.0
1999-08-31	0.38084090909090923	0.08437711	0.0	0.042533944487979466	0.0
1999-09-30	0.3342045454545455	0.06634775	0.0	0.03344858050545586	0.0
1999-10-31	0.08552272727272726	0.07257139	0.0	0.03733472194633634	0.0
1999-11-30	-0.4657045454545454	0.05970915	0.5254136957986788	0.031016630727447016	0.49439706507123177
1999-12-31	-0.5129545454545454	0.014622098	0.5275766432894902	0.0076337210123702875	0.5199429222771199
2000-01-31	-0.5133863636363636	0.025198251	0.538584614645351	0.013196393623647202	0.5253882210217038
2000-02-29	-0.5428181818181819	0.004113058	0.5469312399121171	0.0021591342603920717	0.5447721056517251
2000-03-31	-0.5563636363636364	0.051154435	0.6075180710445751	0.026741642647927742	0.5807764283966473
2000-04-30	-0.42359090909090913	0.034320954	0.4579118633243171	0.01784826154021188	0.4400636017841052
2000-05-31	-0.19565909090909092	0.040965524	0.2366246144798669	0.02117947036937308	0.2154451441104938
2000-06-30	0.001545454545454545	0.045010556	0.04346510099010034	0.023195966665528936	0.020269134324571406
2000-07-31	-0.00022727272727272716	0.030785218	0.031012490608475426	0.0157932579443633	0.015219232664112126
2000-08-31	0.3761818181818182	0.057923187	0.0	0.02905882906796098	0.0
2000-09-30	0.2204545454545454	0.04811168	0.0	0.024207777306128976	0.0
2000-10-31	0.17936363636363636	0.071942426	0.0	0.0370323511119355	0.0
2000-11-30	-0.06809090909090908	0.024106279	0.09219718810645015	0.012440743623568186	0.07975644448288197
2000-12-31	-0.4230909090909091	0.04417133	0.46726223867860706	0.022970824270875375	0.4442914144077317
2001-01-31	-0.5289545454545453	0.060107995	0.5890625402791932	0.03140739016180306	0.5576551501173902
2001-02-28	-0.4387727272727273	0.07382778	0.5126005080559037	0.03849048660591635	0.4741100214499874
2001-03-31	-0.4138863636363636	0.07698498	0.4908713428486477	0.040026245687587836	0.45084509716105986
2001-04-30	0.16518181818181818	0.043378353	0.0	0.022189982029050006	0.0
2001-05-31	-0.1347272727272727	0.07067171	0.2053989801190116	0.03651756113082219	0.1688814189881894
2001-06-30	0.46603571428571444	0.064810365	0.0	0.03255424390941288	0.0
2001-07-31	0.2601136363636364	0.03973957	0.0	0.01985822335140234	0.0
2001-08-31	0.18431818181818185	0.07675373	0.0	0.03936624740980055	0.0
2001-09-30	0.024909090909090905	0.051699374	0.026790282961997123	0.026576102834363173	0.00021418012763394986
2001-10-31	-0.11618181818181816	0.07972488	0.1959066962545568	0.0412636275931614	0.1546430686613954
2001-11-30	-0.35036363636363627	0.07058613	0.4209497663866389	0.03664603267203519	0.3843037337146037
2001-12-31	-0.5630454545454545	0.043822203	0.6068676573769612	0.022897728547463442	0.5839699288294978
2002-01-31	-0.5836363636363637	0.024745109	0.6083814721960914	0.012986858312507637	0.5953946138835837
2002-02-28	-0.6488863636363637	0.016192624	0.6650789879817854	0.008514995527004835	0.6565639924547806
2002-03-31	-0.4352272727272727	0.050687574	0.48591484657742756	0.026355140973567278	0.4595597056038603
2002-04-30	-0.4290000000000001	0.03645785	0.4654578515291215	0.018966986152289655	0.44649086537683186
2002-05-31	0.3678863636363637	0.07504587	0.0	0.037921116299212146	0.0
2002-06-30	0.26726298701298706	0.045205027	0.0	0.02227219669506184	0.0
2002-07-31	0.3874545454545455	0.090636544	0.0	0.04546633896470838	0.0
2002-08-31	0.2369318181818182	0.03775837	0.0	0.019185330763848592	0.0
2002-09-30	0.27131818181818185	0.071491405	0.0	0.03654697468123068	0.0
2002-10-31	0.28109090909090906	0.07597555	0.0	0.03840114515605828	0.0
2002-11-30	0.1824090909090909	0.063225925	0.0	0.032597552407249715	0.0
2002-12-31	-0.5439545454545455	0.029251983	0.5732065288438039	0.01523395387924628	0.5579725749645575
2003-01-31	-0.5235000000000001	0.014116659	0.5376166588291527	0.007381571800941431	0.5302350870282112
2003-02-28	-0.5487272727272727	0.040547885	0.5892751577279784	0.02126542514159016	0.5680097325863883
2003-03-31	-0.453340909090909	0.042779267	0.49612017592516805	0.022204147787195188	0.47391602813797284
2003-04-30	-0.3097954545454545	0.03400863	0.3438040841655297	0.017626873516676245	0.32617721064885347
2003-05-31	0.19909090909090912	0.07118885	0.0	0.03656300357337653	0.0
2003-06-30	0.4661266233766233	0.10168975	0.0	0.05070877686687304	0.0
2003-07-31	0.40236363636363637	0.08697926	0.0	0.04369149453204982	0.0
2003-08-31	0.11799999999999998	0.07646362	0.0	0.03939057837518968	0.0
2003-09-30	0.21793181818181814	0.0800466	0.0	0.04103444894042529	0.0
2003-10-31	0.18793181818181817	0.08707157	0.0	0.04473716381039038	0.0
2003-11-30	0.1562272727272727	0.05976412	0.0	0.030771200413428006	0.0
2003-12-31	-0.10811363636363636	0.06612855	0.1742421883236278	0.034228270149034894	0.1400139181745929
2004-01-31	-0.5366136363636363	0.03282127	0.5694349079321731	0.01716023932735187	0.5522746686048212
2004-02-29	-0.5387045454545455	0.012390771	0.5510953164039688	0.0064971186662975975	0.5445981977376712
2004-03-31	-0.5539090909090909	0.06154954	0.6154586315182122	0.03213163724676693	0.5833269942714453
2004-04-30	-0.1289090909090909	0.048393913	0.17730300352248277	0.02496572961452858	0.15233727390795418
2004-05-31	0.10361363636363637	0.064387225	0.0	0.03310320591003009	0.0
2004-06-30	0.17967207792207793	0.053102612	0.0	0.027229388688100584	0.0
2004-07-31	0.3043863636363636	0.0751926	0.0	0.038375405825553516	0.0
2004-08-31	0.27736363636363637	0.07920734	0.0	0.04033879921854881	0.0
2004-09-30	0.16695454545454547	0.07802515	0.0	0.039777113332893	0.0
2004-10-31	0.11672727272727271	0.061682925	0.0	0.031643299416699654	0.0
2004-11-30	-0.3454545454545454	0.035781294	0.38123583956198254	0.018537737321961012	0.3626981022400215
2004-12-31	-0.41218181818181815	0.047396906	0.45957872390205207	0.024674744868027763	0.4349039790340243
2005-01-31	-0.5242727272727273	0.01582668	0.5400994070389055	0.008281727121249225	0.5318176799176563
2005-02-28	-0.5753636363636364	0.018700732	0.5940643682818522	0.009815538249363619	0.5842488300324885
2005-03-31	-0.4360909090909091	0.037729923	0.473820831772956	0.019620769540618872	0.4542000622323371
2005-04-30	-0.04688636363636363	0.064764485	0.11165084839950908	0.033388196345865234	0.07826265205364384
2005-05-31	0.24115909090909093	0.05364288	0.0	0.027234262372946117	0.0
2005-06-30	0.23705844155844158	0.04284718	0.0	0.021227474560892415	0.0
2005-07-31	0.1900090909090909	0.054580234	0.0	0.027318599086488583	0.0
2005-08-31	0.2938409090909091	0.068671204	0.0	0.034956954771614236	0.0
2005-09-30	0.2352045454545455	0.07336194	0.0	0.03765423344052725	0.0
2005-10-31	-0.14654545454545456	0.03564891	0.18219436301155525	0.018394639404677993	0.16379972360687725
2005-11-30	-0.1503181818181818	0.029124774	0.17944295585697345	0.015080277426527813	0.16436267843044564
2005-12-31	-0.34740909090909083	0.018399172	0.36580826244029124	0.009555188635746418	0.35625307380454485
2006-01-31	-0.616780303030303	0.00079240836	0.6175727113923339	0.0004166282405094119	0.6171560831518246
2006-02-28	-0.6261590909090909	0.030206688	0.6563657786575231	0.0158845330885388	0.6404812455689843
2006-03-31	-0.67625	0.037625216	0.713875215947628	0.01982293118966684	0.6940522847579612
2006-04-30	-0.29954545454545456	0.10006452	0.39960997806354004	0.052023111109563695	0.34758686695397634
2006-05-31	-0.2424090909090909	0.063052155	0.30546124598654834	0.03266609063921081	0.2727951553473375
2006-06-30	0.21874025974025973	0.038134098	0.0	0.019374427522677866	0.0
2006-07-31	0.23184090909090907	0.05187154	0.0	0.026406019637356566	0.0
2006-08-31	0.28272727272727277	0.050410055	0.0	0.02498729913566928	0.0
2006-09-30	0.21613636363636363	0.055590827	0.0	0.028053661232016667	0.0
2006-10-31	-0.08095454545454547	0.036941335	0.11789588005976245	0.019039143603335154	0.0988567364564273
2006-11-30	-0.02184090909090909	0.057517406	0.07935831469026479	0.02974251278135703	0.049615801908907756
2006-12-31	-0.474	0.061639283	0.5356392828524112	0.032133774407372716	0.5035055084450385
2007-01-31	-0.5204772727272727	0.0351237	0.5556009711406448	0.018409956615807795	0.537191014524837
2007-02-28	-0.5066136363636364	0.02493738	0.5315510164688935	0.013070105014748637	0.5184809114541449
2007-03-31	-0.25036363636363634	0.036810562	0.2871741983782161	0.019024297159984778	0.26814990121823135
2007-04-30	0.4216818181818182	0.093895	0.0	0.04768562859319373	0.0
2007-05-31	0.25978181818181817	0.054816265	0.0	0.02770717310507332	0.0
2007-06-30	0.29710389610389615	0.050213948	0.0	0.024936234509181737	0.0
2007-07-31	0.44247727272727266	0.06187614	0.0	0.030126303005985493	0.0
2007-08-31	0.3402727272727273	0.08166946	0.0	0.04124132090830637	0.0
2007-09-30	0.26456818181818176	0.07831193	0.0	0.03993316275244597	0.0
2007-10-31	0.31047727272727266	0.10746045	0.0	0.054779800239818925	0.0
2007-11-30	0.13688636363636364	0.06800513	0.0	0.03494352971210879	0.0
2007-12-31	-0.4250681818181818	0.022339862	0.4474080436581915	0.011624342632806954	0.43578370102538455
2008-01-31	-0.554068181818182	0.024412725	0.5784809069389648	0.0127675100827344	0.5657133968562305
2008-02-29	-0.5663863636363637	0.017093634	0.5834799978692424	0.008962852896283404	0.574517144972959
2008-03-31	-0.5217954545454546	0.047737278	0.5695327325896784	0.024889844997753548	0.5446428875919248
2008-04-30	-0.010863636363636351	0.050360322	0.061223958362232545	0.025928171554508585	0.03529578680772396
2008-05-31	-0.057681818181818174	0.058595188	0.11627700614387337	0.030222590312682377	0.086054415831191
2008-06-30	0.32974025974025967	0.06686922	0.0	0.03420050963075007	0.0
2008-07-31	0.25170454545454546	0.05853013	0.0	0.029887819045742153	0.0
2008-08-31	0.2573636363636363	0.053788807	0.0	0.027320708182479978	0.0
2008-09-30	-0.12172727272727273	0.040432796	0.16216006860949778	0.020883018560149975	0.1412770500493478
2008-10-31	0.1120909090909091	0.09226003	0.0	0.047591437931511237	0.0
2008-11-30	-0.34131818181818185	0.03907198	0.38039016268199144	0.02026288054158116	0.3601272821404103
2008-12-31	-0.5088181818181817	0.027335387	0.5361535685414617	0.014257076636594935	0.5218964919048668
2009-01-31	-0.5745454545454546	0.030808883	0.6053543373332783	0.016167214923158174	0.5891871224101201
2009-02-28	-0.5596590909090909	0.027735654	0.5873947451737794	0.014531115386401674	0.5728636297873777
2009-03-31	-0.5720454545454545	0.03567508	0.6077205331759019	0.018670836428544987	0.589049696747357
2009-04-30	-0.006068181818181816	0.07259512	0.07866330129450018	0.03744031489863962	0.041222986395860556
2009-05-31	0.26602272727272724	0.108752556	0.0	0.05581113471822144	0.0
2009-06-30	0.4345584415584417	0.0723848	0.0	0.03620372070404837	0.0
2009-07-31	0.4484090909090909	0.09118645	0.0	0.04535830205718807	0.0
2009-08-31	0.24875757575757573	0.053068094	0.0	0.026326883379775068	0.0
2009-09-30	0.43315909090909094	0.10251678	0.0	0.0519684638847175	0.0
2009-10-31	0.31331818181818183	0.10940347	0.0	0.05609050319416009	0.0
2009-11-30	0.18872727272727274	0.066251226	0.0	0.033994315827173986	0.0
2009-12-31	-0.45099999999999996	0.057583738	0.5085837381184101	0.029924179056138703	0.47865955906227137
2010-01-31	-0.3966136363636364	0.02965136	0.426264996949922	0.015445731776764263	0.4108192651731577
2010-02-28	-0.419090909090909	0.06539351	0.48448441657153035	0.034014778269234526	0.4504696383022958
2010-03-31	-0.4064090909090909	0.06586629	0.4722753824320706	0.034225471916921636	0.43804991051514897
2010-04-30	0.02756818181818181	0.07237699	0.04480880701000041	0.0372077391626002	0.007601067847400209
2010-05-31	0.15322727272727274	0.09251561	0.0	0.047430882862759476	0.0
2010-06-30	0.08738636363636364	0.054167606	0.0	0.027875515989120452	0.0
2010-07-31	0.32181818181818184	0.07970098	0.0	0.040586722526967704	0.0
2010-08-31	0.3898863636363636	0.090478964	0.0	0.046043746634425384	0.0
2010-09-30	0.32404545454545447	0.09122082	0.0	0.046708566854995984	0.0
2010-10-31	-0.29663636363636364	0.06078221	0.3574185726750981	0.03149671720312578	0.3259218554719723
2010-11-30	-0.5105681818181819	0.06495527	0.5755234535986727	0.03378755853532471	0.5417358950633481
2010-12-31	-0.46509090909090905	0.05973973	0.5248306403431025	0.03101370451774788	0.4938169358253546
2011-01-31	-0.4916363636363636	0.02301732	0.5146536844183098	0.01201449649983721	0.5026391879184726
2011-02-28	-0.6630227272727274	0.01764377	0.6806664974757217	0.009272068504301031	0.6713944289714207
2011-03-31	-0.4689090909090909	0.04950951	0.518418601307002	0.025821641368672	0.49259695993833
2011-04-30	0.3604545454545454	0.08591627	0.0	0.043730884830973656	0.0
2011-05-31	0.1687045454545454	0.057671152	0.0	0.029550498013324846	0.0
2011-06-30	0.4743311688311689	0.08856431	0.0	0.044626147415475305	0.0
2011-07-31	0.2866136363636364	0.051165685	0.0	0.02524040067785665	0.0
2011-08-31	0.16968181818181816	0.027376814	0.0	0.013597801124625787	0.0
2011-09-30	0.2962045454545454	0.08218766	0.0	0.04137575706929646	0.0
2011-10-31	-0.052590909090909084	0.068919145	0.12151005366173656	0.03553068420009588	0.08597936946164068
2011-11-30	-0.16113636363636363	0.07603049	0.2371668564189564	0.03934317356681785	0.19782368285213855
2011-12-31	-0.572	0.041562453	0.6135624529123306	0.021683022707962244	0.5918794302043683
2012-01-31	-0.5225454545454545	0.020743994	0.5432894485877319	0.01083277944107755	0.5324566691466543
2012-02-29	-0.43506818181818185	0.016359475	0.4514276563281363	0.008533731774598003	0.4428939245535383
2012-03-31	-0.47684090909090904	0.03056755	0.5074084582599726	0.015935636795521773	0.4914728214644508
2012-04-30	0.25534090909090906	0.06803653	0.0	0.034650498082677596	0.0
2012-05-31	0.0686590909090909	0.07650986	0.007850772229107947	0.0393834607994681	0.0
2012-06-30	0.513159090909091	0.08741353	0.0	0.04384770200230484	0.0
2012-07-31	0.39975000000000005	0.07946204	0.0	0.040326289124107344	0.0
2012-08-31	0.34352272727272715	0.10748565	0.0	0.05496751600180244	0.0
2012-09-30	0.3149772727272727	0.07333017	0.0	0.03722263280074447	0.0
2012-10-31	0.30454545454545456	0.10083929	0.0	0.05157225461155522	0.0
2012-11-30	-0.11063636363636363	0.0702127	0.18084906310926785	0.03620493798413723	0.1446441251251306
2012-12-31	-0.24588636363636363	0.015644727	0.26153109091113913	0.008109034745602017	0.2534220561655371
2013-01-31	-0.5304318181818183	0.061420195	0.5918520129864867	0.03207868058252269	0.559773332403964
2013-02-28	-0.5295227272727273	0.018670209	0.5481929360248826	0.009762965498826473	0.5384299705260561
2013-03-31	-0.5740909090909091	0.019594697	0.5936856063726274	0.01023295888682901	0.5834526474857984
2013-04-30	-0.5498863636363637	0.035640974	0.5855273372341286	0.018629474532198657	0.56689786270193
2013-05-31	0.34190909090909083	0.09955159	0.0	0.05089451558466412	0.0
2013-06-30	0.44438636363636347	0.10613267	0.0	0.054234487675841575	0.0
2013-07-31	0.40856818181818183	0.08650836	0.0	0.04363614996319188	0.0
2013-08-31	0.4095227272727273	0.073438235	0.0	0.03651245387045418	0.0
2013-09-30	0.22511363636363635	0.043074053	0.0	0.0217986073520704	0.0
2013-10-31	0.2785454545454545	0.0940237	0.0	0.04825379684345965	0.0
2013-11-30	0.02797727272727273	0.054077134	0.026099860809066077	0.027830734657066293	0.0
2013-12-31	-0.028636363636363637	0.036905408	0.06554177154194225	0.01910275849788243	0.046439013044059826
2014-01-31	-0.4075909090909091	0.01956164	0.42715255000916397	0.010189753056168427	0.41696279695299554
2014-02-28	-0.40647727272727274	0.039290376	0.44576764873482966	0.020453157815024558	0.4253144909198051
2014-03-31	-0.3240909090909091	0.087188765	0.4112796744975177	0.045185567471707835	0.36609410702580986
2014-04-30	-0.16588636363636367	0.045868352	0.2117547156919133	0.023761547508829507	0.1879931681830838
2014-05-31	0.19565909090909092	0.12440072	0.0	0.0639609620628372	0.0
2014-06-30	0.39249025974025975	0.07480479	0.0	0.038054004419691735	0.0
2014-07-31	0.14340909090909087	0.053525265	0.0	0.027415238350148103	0.0
2014-08-31	0.23277272727272724	0.048524596	0.0	0.024523479127828048	0.0
2014-09-30	0.3306136363636364	0.060512893	0.0	0.03079824009098615	0.0
2014-10-31	0.18324999999999997	0.08605499	0.0	0.04410913707435275	0.0
2014-11-30	0.18704545454545454	0.076862365	0.0	0.03950062295090745	0.0
2014-12-31	-0.2959772727272727	0.05013641	0.34611368242718954	0.026018773334620084	0.32009490909256944
2015-01-31	-0.5518409090909091	0.01940311	0.5712440184178678	0.010139882754297927	0.5611041356635699
2015-02-28	-0.5498636363636364	0.02468186	0.5745454969446768	0.012916204305515754	0.5616292926391611
2015-03-31	-0.54925	0.059613217	0.6088632166683674	0.031113165360259216	0.5777500513081082
2015-04-30	-0.3014545454545455	0.031641055	0.3330956003530459	0.016429328903960098	0.3166662714490858
2015-05-31	0.21386363636363637	0.068952195	0.0	0.03541289324119227	0.0
2015-06-30	0.48565909090909093	0.10721743	0.0	0.05375088713043733	0.0
2015-07-31	0.3567727272727273	0.0809472	0.0	0.040400360531134896	0.0
2015-08-31	0.3387272727272727	0.057746857	0.0	0.029066370084583792	0.0
2015-09-30	0.2605454545454546	0.0779184	0.0	0.03895601068954487	0.0
2015-10-31	0.22299999999999998	0.06538152	0.0	0.03352787373436376	0.0
2015-11-30	0.14279545454545456	0.09398426	0.0	0.048462327912154116	0.0
2015-12-31	-0.40427272727272734	0.07153	0.47580272664807066	0.037169188438585674	0.438633538209485
2016-01-31	-0.45088636363636353	0.02963071	0.4805170730758796	0.015447626292232926	0.46506944678364665
2016-02-29	-0.5154318181818183	0.045728654	0.5611604718511756	0.02385459744533083	0.5373058744058448
2016-03-31	-0.5760909090909091	0.040789463	0.6168803717168895	0.021320675788203205	0.5955596959286863
2016-04-30	0.09563636363636364	0.05392839	0.0	0.027657793133669464	0.0
2016-05-31	-0.1456590909090909	0.040618367	0.18627745840224352	0.020955244989386796	0.16532221341285672
2016-06-30	0.08643181818181818	0.0832434	0.0	0.042942440910454564	0.0
2016-07-31	0.22545454545454546	0.043924525	0.0	0.022378288759520318	0.0
2016-08-31	0.3444090909090909	0.06476779	0.0	0.0324898288013166	0.0
2016-09-30	-0.02725	0.06499905	0.0922490513920784	0.03354736554893838	0.05870168584314001
2016-10-31	-0.005204545454545454	0.05307375	0.058278294400735335	0.027393101858936706	0.03088519254179863
2016-11-30	-0.1623181818181818	0.034103483	0.19642166477983647	0.017640756194110853	0.17878090858572562
2016-12-31	-0.37620454545454546	0.026634578	0.40283912311629816	0.013860554111750911	0.38897856900454725
2017-01-31	-0.5303863636363636	0.033765912	0.5641522756923328	0.017672412196964978	0.5464798634953678
2017-02-28	-0.5465681818181818	0.012543139	0.5591113208661025	0.006586868816730251	0.5525244520493723
2017-03-31	-0.5646363636363637	0.0043698666	0.5690062302049589	0.002287181795073808	0.5667190484098851
2017-04-30	-0.24313636363636365	0.04435462	0.28749098495732656	0.02292789981767966	0.2645630851396469
2017-05-31	-0.0785	0.068628125	0.14712812489271165	0.035387336262520976	0.11174078863019068
2017-06-30	0.42138230519480524	0.060214464	0.0	0.03059136462466698	0.0
2017-07-31	0.35704545454545455	0.11008981	0.0	0.05617144197287351	0.0
2017-08-31	0.4346363636363637	0.105534844	0.0	0.053412210886878295	0.0
2017-09-30	0.35752272727272727	0.09171626	0.0	0.0467054143954234	0.0
2017-10-31	0.3050681818181818	0.09748345	0.0	0.049951502565739964	0.0
2017-11-30	-0.13763636363636364	0.031863436	0.16949979973923077	0.016459151327190166	0.1530406484120406
2017-12-31	-0.5014318181818181	0.04308238	0.5445141969865018	0.022442399513048602	0.5220717974734532
2018-01-31	-0.5790454545454544	0.03550879	0.6145542436675591	0.01859665127277122	0.5959575923947878
2018-02-28	-0.655909090909091	0.010887212	0.6667963030290875	0.005730807376123105	0.6610654956529645
2018-03-31	-0.5686363636363635	0.023688732	0.5923250953514466	0.012387343695548104	0.5799377516558986
2018-04-30	-0.38109090909090904	0.077146225	0.45823713376847175	0.04008049386586582	0.41815663990260593
2018-05-31	0.06506818181818182	0.06187543	0.0	0.031886443212397586	0.0
2018-06-30	0.2592402597402597	0.052518427	0.0	0.026829179920111485	0.0
2018-07-31	0.27272727272727265	0.061482202	0.0	0.03136541385107493	0.0
2018-08-31	0.3826363636363635	0.09751817	0.0	0.049688025577469055	0.0
2018-09-30	0.12343181818181818	0.050330896	0.0	0.025764273439073972	0.0
2018-10-31	0.003045454545454543	0.039617352	0.03657189764217897	0.020380787930156605	0.016191109712022363
2018-11-30	-0.3227272727272727	0.07273144	0.39545871547677297	0.03774996014104638	0.3577087553357266
2018-12-31	-0.5897045454545455	0.051279712	0.6409842579229312	0.026742122094240667	0.6142421358286906
2019-01-31	-0.5522272727272728	0.0490648	0.6012920728705147	0.02561718021460641	0.5756748926559082
2019-02-28	-0.3823636363636364	0.017324787	0.3996884229968895	0.009022039460096729	0.3906663835367928
2019-03-31	-0.53475	0.045558855	0.5803088549375534	0.023772916999650815	0.5565359379379026
2019-04-30	-0.41602272727272727	0.054077342	0.4701000694253228	0.028048640794129887	0.4420514286311929
2019-05-31	0.08593181818181816	0.051012	0.0	0.026092502757046315	0.0
2019-06-30	0.42510389610389604	0.09137601	0.0	0.04670834731102896	0.0
2019-07-31	0.20447727272727273	0.047256436	0.0	0.024141704229258192	0.0
2019-08-31	0.2046	0.051204864	0.0	0.026023748811204298	0.0
2019-09-30	0.1939383116883117	0.08576203	0.0	0.04372301327330776	0.0
2019-10-31	0.07645454545454546	0.0520038	0.0	0.02663884799313257	0.0
2019-11-30	-0.47020454545454543	0.03565152	0.5058560653491453	0.018502182431497056	0.48735388291764825
2019-12-31	-0.31490909090909086	0.024325285	0.3392343760159882	0.012658251754453675	0.32657612426153454
2020-01-31	-0.5441818181818181	0.0018697445	0.54605156268662	0.0009817502104987757	0.5450698124761213
2020-02-29	-0.6335	0.02115585	0.6546558490991592	0.01112658958796464	0.6435292595111946
2020-03-31	-0.48927272727272725	0.04179875	0.5310714790739797	0.021852124658904383	0.5092193544150753
2020-04-30	-0.4433409090909091	0.0354313	0.47877220844951546	0.018420235862557276	0.4603519725869582
2020-05-31	-0.10938636363636363	0.037582666	0.1469690293182026	0.019408008698623126	0.12756102061957947
2020-06-30	0.13988636363636364	0.06720674	0.0	0.034563245536765895	0.0
2020-07-31	0.13770454545454544	0.039886937	0.0	0.020406018926329296	0.0
2020-08-31	0.39043181818181816	0.087321915	0.0	0.04370983431499401	0.0
2020-09-30	0.36520454545454545	0.08224478	0.0	0.041677097997833715	0.0
2020-10-31	0.28831818181818175	0.08680298	0.0	0.04453452289812241	0.0
2020-11-30	-0.39495454545454545	0.055152066	0.45010661150650544	0.028662002015547406	0.421444609490958
2020-12-31	-0.5338863636363637	0.022639137	0.5565255003977906	0.011809436131539076	0.5447160642662515
